---
title: "ENQUOTE_NAME"
---

The `ENQUOTE_NAME` function wraps quotation marks around a string, unless the input is already enclosed in quotataIion marks. The string can include a quotation mark but output for the string puts quotation marks around the input quotation mark. By default output not included in quotation marks is converted to lower case, but setting a parameter to FALSE means no conversion is applied to the case of the input string.

The following table shows examples of how quotes are handled.

| Input  | `dolower` parameter | Output      |
| ------ | ---------------------- | ----------- |
| ab"c   | TRUE                   | "ab""c"     |
| "abc"  | TRUE                   | """abc"""   |
| "a"bc" | TRUE                   | """a""bc""" |
| ABC    | TRUE                   | "abc"       |
| A<br/><br/>BC | FALSE             | "ABC"       |
| abc    | TRUE                   | "abc"       |
| abc    | FALSE                  | "abc"       |


```sql
ENQUOTE_NAME(str VARCHAR2, dolower boolean := TRUE) RETURN VARCHAR2;
```

## Parameters

`str`

 The string to be wrapped in quotation marks.

`dolower`

 If TRUE, alphabetic characters in the input string that are not wrapped in quotation marks are converted to lower case. If FALSE, input strings are not converted to lower case.

## Examples

```sql
edb=# SELECT SYS.DBMS_ASSERT.ENQUOTE_NAME('  ""ObjectName  ') FROM DUAL;
     enquote_name     
----------------------
 "  """"objectname  "
(1 row)

edb=# SELECT 'test' || SYS.DBMS_ASSERT.ENQUOTE_NAME('  "ObjectName"  ') || 'test' FROM dual;
         ?column?         
--------------------------
 test  "ObjectName"  test
(1 row)

edb=# EXEC DBMS_OUTPUT.put_line(SYS.DBMS_ASSERT.ENQUOTE_NAME('"REMAIN QUOTED AND SAME CASE"'));
"REMAIN QUOTED AND SAME CASE"
```
