---
title: "SIMPLE_SQL_NAME"
---

The `SIMPLE_SQL_NAME` function determines whether the input is a simple SQL name. 


```sql
SIMPLE_SQL_NAME(str VARCHAR2) RETURN VARCHAR2;
```

## Parameters

`str`

 The input string. White space is trimmed from the string. Mixed case is allowed. A quotation mark is allowed within the string.

## Examples

```sql
edb=# SELECT SYS.DBMS_ASSERT.SIMPLE_SQL_NAME('ABCD789$#_zxcvbnm') FROM DUAL;
  simple_sql_name  
-------------------
 ABCD789$#_zxcvbnm
(1 row)

edb=# SELECT SYS.DBMS_ASSERT.SIMPLE_SQL_NAME('"12 valid name"') FROM DUAL;
 simple_sql_name 
-----------------
 "12 valid name"
(1 row)
```
