---

title: "ALTER TABLE...SPLIT PARTITION"
---

<div id="alter_table_split_partition" class="registered_link"></div>

Use the `ALTER TABLE… SPLIT PARTITION` command to divide a single partition into two partitions, and redistribute the partition's contents between the new partitions. The command syntax comes in two forms.

The first form splits a `RANGE` partition into two partitions:

> `ALTER TABLE` *table**`name`* `SPLIT PARTITION` *`partition_name`*
>   `AT` `(`*`range_part_value`*)
>   `INTO`
>   `(`
>     `PARTITION` *`new_part1`*
>  `[TABLESPACE` *`tablespace_name`*],
>   `PARTITION` `new_part2`
>   `[TABLESPACE` *`tablespace_name`*`]`
>   `);`

The second form splits a `LIST` partition into two partitions:

> `ALTER TABLE` *`table_name`* `SPLIT PARTITION` *`partition_name`*
>   `VALUES` `(`*`value`*`[,` *`value`*``]...)`
>  `INTO`
>   `(`
>     `PARTITION` *`new_part1`*
>    `[TABLESPACE` *`tablespace_name`*`],`
>     `PARTITION` *`new_part2`*
>    `[TABLESPACE` *`tablespace_name`*`]`
>   `);`

**Description**

The `ALTER TABLE...SPLIT PARTITION` command adds a partition to an existing `LIST` or `RANGE` partitioned table. Please note that the `ALTER TABLE… SPLIT PARTITION` command cannot add a partition to a `HASH` partitioned table. There is no upper limit to the number of partitions that a table may have.

When you execute an `ALTER TABLE...SPLIT PARTITION` command, Advanced Server creates two new partitions, and redistributes the content of the old partition between them (as constrained by the partitioning rules).

Include the `TABLESPACE` clause to specify the tablespace in which a partition will reside. If you do not specify a tablespace, the partition will reside in the default tablespace.

If the table is indexed, the index will be created on the new partition.

To use the `ALTER TABLE... SPLIT PARTITION` command you must be the table owner, or have superuser (or administrative) privileges.

**Parameters**

*`table_name`*

> The name (optionally schema-qualified) of the partitioned table.

*`partition_name`*

> The name of the partition that is being split.

*`new_part1`*

> The name of the first new partition to be created. Partition names must be unique amongst all partitions and subpartitions, and must follow the naming conventions for object identifiers.
>
> *`new_part1`* will receive the rows that meet the partitioning constraints specified in the `ALTER TABLE… SPLIT PARTITION` command.

*`new_part2`*

> The name of the second new partition to be created. Partition names must be unique amongst all partitions and subpartitions, and must follow the naming conventions for object identifiers.
>
> *`new_part2`* will receive the rows are not directed to *`new_part1`* by the partitioning constraints specified in the `ALTER TABLE… SPLIT PARTITION` command.

*`range_part_value`*

> Use *`range_part_value`* to specify the boundary rules by which to create the new partition. The partitioning rule must contain at least one column of a data type that has two operators (i.e., a greater-than-or-equal to operator, and a less-than operator). Range boundaries are evaluated against a `LESS THAN` clause and are non-inclusive; a date boundary of January 1, 2010 will include only those date values that fall on or before December 31, 2009.

`(`*`value`*`[,` *`value`*`]...)`

> Use *`value`* to specify a quoted literal value (or comma-delimited list of literal values) by which rows will be distributed into partitions. Each partitioning rule must specify at least one value, but there is no limit placed on the number of values specified within a rule.
>
> For information about creating a `DEFAULT` or `MAXVALUE` partition, see Section [10.4](https://www.enterprisedb.com/edb-docs/d/edb-postgres-advanced-server/user-guides/database-compatibility-for-oracle-developers-guide/11/Database_Compatibility_for_Oracle_Developers_Guide.1.119.html#).

*`tablespace_name`*

> The name of the tablespace in which the partition or subpartition resides.

## Example - Splitting a LIST Partition

Our example will divide one of the partitions in the list-partitioned `sales` table into two new partitions, and redistribute the contents of the partition between them. The `sales` table is created with the statement:

```
CREATE TABLE sales
(
  dept_no     number,
  part_no     varchar2,
  country     varchar2(20),
  date        date,
  amount      number
)
PARTITION BY LIST(country)
(
  PARTITION europe VALUES('FRANCE', 'ITALY'),
  PARTITION asia VALUES('INDIA', 'PAKISTAN'),
  PARTITION americas VALUES('US', 'CANADA')
);
```

The table definition creates three partitions (`europe`, `asia`, and `americas`). The following command adds rows to each partition:

```
INSERT INTO sales VALUES
  (10, '4519b', 'FRANCE', '17-Jan-2012', '45000'),
  (20, '3788a', 'INDIA', '01-Mar-2012', '75000'),
  (40, '9519b', 'US', '12-Apr-2012', '145000'),
  (20, '3788a', 'PAKISTAN', '04-Jun-2012', '37500'),
  (40, '4577b', 'US', '11-Nov-2012', '25000'),
  (30, '7588b', 'CANADA', '14-Dec-2012', '50000'),
  (30, '9519b', 'CANADA', '01-Feb-2012', '75000'),
  (30, '4519b', 'CANADA', '08-Apr-2012', '120000'),
  (40, '3788a', 'US', '12-May-2012', '4950'),
  (10, '9519b', 'ITALY', '07-Jul-2012', '15000'),
  (10, '9519a', 'FRANCE', '18-Aug-2012', '650000'),
  (10, '9519b', 'FRANCE', '18-Aug-2012', '650000'),
  (20, '3788b', 'INDIA', '21-Sept-2012', '5090'),
  (40, '4788a', 'US', '23-Sept-2012', '4950'),
  (40, '4788b', 'US', '09-Oct-2012', '15000'),
  (20, '4519a', 'INDIA', '18-Oct-2012', '650000'),
  (20, '4519b', 'INDIA', '2-Dec-2012', '5090');`
```

The rows are distributed amongst the partitions:

```
acctg=# SELECT tableoid::regclass, * FROM sales;
    tableoid    | dept_no | part_no | country  |        date        | amount
----------------+---------+---------+----------+--------------------+--------
 sales_americas |      40 | 9519b   | US       | 12-APR-12 00:00:00 | 145000
 sales_americas |      40 | 4577b   | US       | 11-NOV-12 00:00:00 |  25000
 sales_americas |      30 | 7588b   | CANADA   | 14-DEC-12 00:00:00 |  50000
 sales_americas |      30 | 9519b   | CANADA   | 01-FEB-12 00:00:00 |  75000
 sales_americas |      30 | 4519b   | CANADA   | 08-APR-12 00:00:00 | 120000
 sales_americas |      40 | 3788a   | US       | 12-MAY-12 00:00:00 |   4950
 sales_americas |      40 | 4788a   | US       | 23-SEP-12 00:00:00 |   4950
 sales_americas |      40 | 4788b   | US       | 09-OCT-12 00:00:00 |  15000
 sales_europe   |      10 | 4519b   | FRANCE   | 17-JAN-12 00:00:00 |  45000
 sales_europe   |      10 | 9519b   | ITALY    | 07-JUL-12 00:00:00 |  15000
 sales_europe   |      10 | 9519a   | FRANCE   | 18-AUG-12 00:00:00 | 650000
 sales_europe   |      10 | 9519b   | FRANCE   | 18-AUG-12 00:00:00 | 650000
 sales_asia     |      20 | 3788a   | INDIA    | 01-MAR-12 00:00:00 |  75000
 sales_asia     |      20 | 3788a   | PAKISTAN | 04-JUN-12 00:00:00 |  37500
 sales_asia     |      20 | 3788b   | INDIA    | 21-SEP-12 00:00:00 |   5090
 sales_asia     |      20 | 4519a   | INDIA    | 18-OCT-12 00:00:00 | 650000
 sales_asia     |      20 | 4519b   | INDIA    | 02-DEC-12 00:00:00 |   5090
(17 rows)
```

The following command splits the americas partition into two partitions named `us` and `canada`:

`ALTER TABLE sales SPLIT PARTITION americas`
  `VALUES ('US')`
  `INTO (PARTITION us, PARTITION canada);`

A `SELECT` statement confirms that the rows have been redistributed:

```
acctg=# SELECT tableoid::regclass, * FROM sales;
   tableoid   | dept_no | part_no | country  |        date        | amount
--------------+---------+---------+----------+--------------------+--------
 sales_canada |      30 | 7588b   | CANADA   | 14-DEC-12 00:00:00 |  50000
 sales_canada |      30 | 9519b   | CANADA   | 01-FEB-12 00:00:00 |  75000
 sales_canada |      30 | 4519b   | CANADA   | 08-APR-12 00:00:00 | 120000
 sales_europe |      10 | 4519b   | FRANCE   | 17-JAN-12 00:00:00 |  45000
 sales_europe |      10 | 9519b   | ITALY    | 07-JUL-12 00:00:00 |  15000
 sales_europe |      10 | 9519a   | FRANCE   | 18-AUG-12 00:00:00 | 650000
 sales_europe |      10 | 9519b   | FRANCE   | 18-AUG-12 00:00:00 | 650000
 sales_asia   |      20 | 3788a   | INDIA    | 01-MAR-12 00:00:00 |  75000
 sales_asia   |      20 | 3788a   | PAKISTAN | 04-JUN-12 00:00:00 |  37500
 sales_asia   |      20 | 3788b   | INDIA    | 21-SEP-12 00:00:00 |   5090
 sales_asia   |      20 | 4519a   | INDIA    | 18-OCT-12 00:00:00 | 650000
 sales_asia   |      20 | 4519b   | INDIA    | 02-DEC-12 00:00:00 |   5090
 sales_us     |      40 | 9519b   | US       | 12-APR-12 00:00:00 | 145000
 sales_us     |      40 | 4577b   | US       | 11-NOV-12 00:00:00 |  25000
 sales_us     |      40 | 3788a   | US       | 12-MAY-12 00:00:00 |   4950
 sales_us     |      40 | 4788a   | US       | 23-SEP-12 00:00:00 |   4950
 sales_us     |      40 | 4788b   | US       | 09-OCT-12 00:00:00 |  15000
(17 rows)
```

## Example - Splitting a RANGE Partition

This example divides the `q4_2012` partition (of the range-partitioned `sales` table) into two partitions, and redistribute the partition's contents. Use the following command to create the `sales` table:

```
CREATE TABLE sales
(
  dept_no     number,
  part_no     varchar2,
  country     varchar2(20),
  date        date,
  amount      number
)
PARTITION BY RANGE(date)
(
  PARTITION q1_2012
    VALUES LESS THAN('2012-Apr-01'),
  PARTITION q2_2012
    VALUES LESS THAN('2012-Jul-01'),
  PARTITION q3_2012
    VALUES LESS THAN('2012-Oct-01'),
  PARTITION q4_2012
    VALUES LESS THAN('2013-Jan-01')
);
```

The table definition creates four partitions (`q1_2012`, `q2_2012`, `q3_2012`, and `q4_2012`). The following command adds rows to each partition:

```
INSERT INTO sales VALUES
  (10, '4519b', 'FRANCE', '17-Jan-2012', '45000'),
  (20, '3788a', 'INDIA', '01-Mar-2012', '75000'),
  (40, '9519b', 'US', '12-Apr-2012', '145000'),
  (20, '3788a', 'PAKISTAN', '04-Jun-2012', '37500'),
  (40, '4577b', 'US', '11-Nov-2012', '25000'),
  (30, '7588b', 'CANADA', '14-Dec-2012', '50000'),
  (30, '9519b', 'CANADA', '01-Feb-2012', '75000'),
  (30, '4519b', 'CANADA', '08-Apr-2012', '120000'),
  (40, '3788a', 'US', '12-May-2012', '4950'),
  (10, '9519b', 'ITALY', '07-Jul-2012', '15000'),
  (10, '9519a', 'FRANCE', '18-Aug-2012', '650000'),
  (10, '9519b', 'FRANCE', '18-Aug-2012', '650000'),
  (20, '3788b', 'INDIA', '21-Sept-2012', '5090'),
  (40, '4788a', 'US', '23-Sept-2012', '4950'),
  (40, '4788b', 'US', '09-Oct-2012', '15000'),
  (20, '4519a', 'INDIA', '18-Oct-2012', '650000'),
  (20, '4519b', 'INDIA', '2-Dec-2012', '5090');`
```

A `SELECT` statement confirms that the rows are distributed amongst the partitions as expected:

```
acctg=# SELECT tableoid::regclass, * FROM sales;
   tableoid    | dept_no | part_no | country  |        date        | amount
---------------+---------+---------+----------+--------------------+--------
 sales_q1_2012 |      10 | 4519b   | FRANCE   | 17-JAN-12 00:00:00 |  45000
 sales_q1_2012 |      20 | 3788a   | INDIA    | 01-MAR-12 00:00:00 |  75000
 sales_q1_2012 |      30 | 9519b   | CANADA   | 01-FEB-12 00:00:00 |  75000
 sales_q2_2012 |      40 | 9519b   | US       | 12-APR-12 00:00:00 | 145000
 sales_q2_2012 |      20 | 3788a   | PAKISTAN | 04-JUN-12 00:00:00 |  37500
 sales_q2_2012 |      30 | 4519b   | CANADA   | 08-APR-12 00:00:00 | 120000
 sales_q2_2012 |      40 | 3788a   | US       | 12-MAY-12 00:00:00 |   4950
 sales_q3_2012 |      10 | 9519b   | ITALY    | 07-JUL-12 00:00:00 |  15000
 sales_q3_2012 |      10 | 9519a   | FRANCE   | 18-AUG-12 00:00:00 | 650000
 sales_q3_2012 |      10 | 9519b   | FRANCE   | 18-AUG-12 00:00:00 | 650000
 sales_q3_2012 |      20 | 3788b   | INDIA    | 21-SEP-12 00:00:00 |   5090
 sales_q3_2012 |      40 | 4788a   | US       | 23-SEP-12 00:00:00 |   4950
 sales_q4_2012 |      40 | 4577b   | US       | 11-NOV-12 00:00:00 |  25000
 sales_q4_2012 |      30 | 7588b   | CANADA   | 14-DEC-12 00:00:00 |  50000
 sales_q4_2012 |      40 | 4788b   | US       | 09-OCT-12 00:00:00 |   15000
 sales_q4_2012 |      20 | 4519a   | INDIA    | 18-OCT-12 00:00:00 | 650000
 sales_q4_2012 |      20 | 4519b   | INDIA    | 02-DEC-12 00:00:00 |   5090
(17 rows)
```

The following command splits the `q4_2012` partition into two partitions named `q4_2012_p1` and `q4_2012_p2`:

```
ALTER TABLE sales SPLIT PARTITION q4_2012
AT ('15-Nov-2012')
INTO
(
 PARTITION q4_2012_p1,
 PARTITION q4_2012_p2
);
```

A `SELECT` statement confirms that the rows have been redistributed across the new partitions:

```
acctg=# SELECT tableoid::regclass, * FROM sales;
     tableoid     | dept_no | part_no | country  |        date        |amount
------------------+---------+---------+----------+--------------------+------
 sales_q1_2012    |      10 | 4519b   | FRANCE   | 17-JAN-12 00:00:00 | 45000
 sales_q1_2012    |      20 | 3788a   | INDIA    | 01-MAR-12 00:00:00 | 75000
 sales_q1_2012    |      30 | 9519b   | CANADA   | 01-FEB-12 00:00:00 | 75000
 sales_q2_2012    |      40 | 9519b   | US       | 12-APR-12 00:00:00 |145000
 sales_q2_2012    |      20 | 3788a   | PAKISTAN | 04-JUN-12 00:00:00 | 37500
 sales_q2_2012    |      30 | 4519b   | CANADA   | 08-APR-12 00:00:00 |120000
 sales_q2_2012    |      40 | 3788a   | US       | 12-MAY-12 00:00:00 |  4950
 sales_q3_2012    |      10 | 9519b   | ITALY    | 07-JUL-12 00:00:00 | 15000
 sales_q3_2012    |      10 | 9519a   | FRANCE   | 18-AUG-12 00:00:00 |650000
 sales_q3_2012    |      10 | 9519b   | FRANCE   | 18-AUG-12 00:00:00 |650000
 sales_q3_2012    |      20 | 3788b   | INDIA    | 21-SEP-12 00:00:00 |  5090
 sales_q3_2012    |      40 | 4788a   | US       | 23-SEP-12 00:00:00 |  4950
 sales_q4_2012_p1 |      40 | 4577b   | US       | 11-NOV-12 00:00:00 | 25000
 sales_q4_2012_p1 |      40 | 4788b   | US       | 09-OCT-12 00:00:00 | 15000
 sales_q4_2012_p1 |      20 | 4519a   | INDIA    | 18-OCT-12 00:00:00 |650000
 sales_q4_2012_p2 |      30 | 7588b   | CANADA   | 14-DEC-12 00:00:00 | 50000
 sales_q4_2012_p2 |      20 | 4519b   | INDIA    | 02-DEC-12 00:00:00 |  5090
(17 rows)
```

