---
title: "Date/Time Functions and Operators"
---

<div id="date_time_functions_and_operators" class="registered_link"></div>


The Date/Time Functions table shows the available functions for date/time value processing, with details appearing in the following subsections. The following table illustrates the behaviors of the basic arithmetic operators `(+, -)`. For formatting functions, refer to <span class="title-ref">IMMUTABLE TO\_CHAR(TIMESTAMP, format) Function &lt;immutable\_to\_char\_function&gt;</span>. You should be familiar with the background information on date/time data types, see <span class="title-ref">Date/Time Types &lt;date\_time\_types&gt;</span>.

|           |                                                                   |                    |
|-----------|-------------------------------------------------------------------|--------------------|
| Operator  | Example                                                           | Result             |
| plus (+)  | DATE '2001-09-28' + 7                                             | 05-OCT-01 00:00:00 |
| plus (+)  | TIMESTAMP '2001-09-28 13:30:00' + 3                               | 01-OCT-01 13:30:00 |
| minus (-) | DATE '2001-10-01' – 7                                             | 24-SEP-01 00:00:00 |
| minus (-) | TIMESTAMP '2001-09-28 13:30:00' - 3                               | 25-SEP-01 13:30:00 |
| minus (-) | TIMESTAMP '2001-09-29 03:00:00' - TIMESTAMP '2001-09-27 12:00:00' | @ 1 day 15 hours   |

In the date/time functions of the following table the use of the `DATE` and `TIMESTAMP` data types are interchangeable.

<table style="width:13%;"><colgroup><col style="width: 2%" /><col style="width: 2%" /><col style="width: 1%" /><col style="width: 2%" /><col style="width: 2%" /></colgroup><tbody><tr class="odd"><td>Function</td><td>Return Type</td><td>Description</td><td>Example</td><td>Result</td></tr><tr class="even"><td>ADD_MONTHS (DATE, NUMBER)</td><td>DATE</td><td>Add months to a date</td><td>ADD_MONTHS ('28-FEB-97', ,3.8</td><td>31-MAY-97 00:00:00</td></tr><tr class="odd"><td>CURRENT_DATE</td><td>DATE</td><td>Current date</td><td>CURRENT_DATE</td><td>04-JUL-07</td></tr><tr class="even"><td>CURRENT_TIME STAMP</td><td>TIMESTAMP</td><td>Returns the current date and time</td><td>CURRENT_TIME STAMP</td><td>04-JUL-07 15:33:23.484</td></tr><tr class="odd"><td>EXTRACT(field FROM TIMESTAMP)</td><td>DOUBLE PRECISION</td><td>Get subfield</td><td>EXTRACT(hour FROM TIMESTAMP '2001-02-16 20:38:40')</td><td>20</td></tr><tr class="even"><td>LAST_DAY(DATE)</td><td>DATE</td><td>Returns the last day of the month represented by the given date. If the given date contains a time portion, it is carried forward to the result unchanged.</td><td>LAST_DAY('14-APR-98')</td><td>30-APR-98 00:00:00</td></tr><tr class="odd"><td>LOCALTIMESTAMP [ (precision) ]</td><td>TIMESTAMP</td><td>Current date and time (start of current transaction</td><td>LOCALTIMESTAMP</td><td>04-JUL-07 15:33:23.484</td></tr><tr class="even"><td>MONTHS_BETWEEN (DATE, DATE)</td><td>NUMBER</td><td>Number of months between two dates</td><td>MONTHS_BETWEEN ('28-FEB-07', '30-NOV-06')</td><td>3</td></tr><tr class="odd"><td>NEXT_DAY(DATE, dayofweek)</td><td>DATE</td><td>Date falling on dayofweek following specified date</td><td>NEXT_DAY('16 (-APR-07',FRI' )</td><td>20-APR-07 00:00:00</td></tr><tr class="even"><td>NEW_TIME(DATE, VARCHAR, VARCHAR)</td><td>DATE</td><td>Converts a date and time to an alternate time zone</td><td>NEW_TIME (TO_DATE '2005/05/29 01:45', 'AST', 'PST')</td><td><p>2005/05/29</p><p>21:45:00</p></td></tr><tr class="odd"><td>NUMTODSINTERVA L(NUMBER, INTERVAL)</td><td>INTERVAL</td><td>Converts a number to a specified day or second interval</td><td>SELECT numtodsin terval(100, ‘hour’);</td><td>4 days 04:00:00</td></tr><tr class="even"><td>NUMTOYMINTER VAL(NUMBER, INTERVAL)</td><td>INTERVAL</td><td>Converts a number to a specified year or month interval.</td><td>SELECT numtoymin terval(100, ‘month’);</td><td>8 years 4 mons</td></tr><tr class="odd"><td>ROUND(DATE [, format ])</td><td>DATE</td><td>Date rounded according to format</td><td>ROUND(TO_DA TE('29-MAY-05'),'MON')</td><td>01-JUN-05 00:00:00</td></tr><tr class="even"><td>SYS_EXTRACT _UTC(TIMESTAMP WITH TIME ZONE)</td><td>TIMESTAMP</td><td>Returns Coordinated Universal Time</td><td>SYS_EXTRA CT_UTC(CAST ('24-MAR-11 12:30:00PM -04:00' AS TIMESTAMP WITH TIME ZONE))</td><td>24-MAR-11 16:30:00</td></tr><tr class="odd"><td>SYSDATE</td><td>DATE</td><td>Returns current date and time</td><td>SYSDATE</td><td>01-AUG-12 11:12:34</td></tr><tr class="even"><td>SYS TIMESTAMP()</td><td>TIMESTAMP</td><td>Returns current date and time</td><td>SYSTIMESTAMP</td><td>01-AUG-12 11:11:23. 665229 -07:00</td></tr><tr class="odd"><td>TRUNC(DATE [format ])</td><td>DATE</td><td>Truncate according to format</td><td>TRUNC(TO_DATE ('29-MAY-05'), 'MON')</td><td><p>01-MAY-05</p><p>00:00:00</p></td></tr></tbody></table>

## ADD\_MONTHS

The `ADD_MONTHS` functions adds (or subtracts if the second parameter is negative) the specified number of months to the given date. The resulting day of the month is the same as the day of the month of the given date except when the day is the last day of the month in which case the resulting date always falls on the last day of the month.

Any fractional portion of the number of months parameter is truncated before performing the calculation.

If the given date contains a time portion, it is carried forward to the result unchanged.

The following are examples of the `ADD_MONTHS` function.

    SELECT ADD_MONTHS('13-JUN-07',4) FROM DUAL;

         add_months
    --------------------
     13-OCT-07 00:00:00
    (1 row)

    SELECT ADD_MONTHS('31-DEC-06',2) FROM DUAL;

         add_months
    --------------------
     28-FEB-07 00:00:00
    (1 row)

    SELECT ADD_MONTHS('31-MAY-04',-3) FROM DUAL;

         add_months
    --------------------
     29-FEB-04 00:00:00
    (1 row)

## CURRENT DATE/TIME

Advanced Server provides a number of functions that return values related to the current date and time. These functions all return values based on the start time of the current transaction.

-   `CURRENT_DATE`
-   `CURRENT_TIMESTAMP`
-   `LOCALTIMESTAMP`
-   `LOCALTIMESTAMP(precision)`

`CURRENT_DATE` returns the current date and time based on the start time of the current transaction. The value of `CURRENT_DATE` will not change if called multiple times within a transaction.

    SELECT CURRENT_DATE FROM DUAL;

       date
    -----------
     06-AUG-07

`CURRENT_TIMESTAMP` returns the current date and time. When called from a single SQL statement, it will return the same value for each occurrence within the statement. If called from multiple statements within a transaction, may return different values for each occurrence. If called from a function, may return a different value than the value returned by current\_timestamp in the caller.

    SELECT CURRENT_TIMESTAMP, CURRENT_TIMESTAMP FROM DUAL;

                    current_timestamp | current_timestamp
    ----------------------------------+----------------------------------
     02-SEP-13 17:52:29.261473 +05:00 | 02-SEP-13 17:52:29.261474 +05:00

`LOCALTIMESTAMP` can optionally be given a precision parameter which causes the result to be rounded to that many fractional digits in the seconds field. Without a precision parameter, the result is given to the full available precision.

    SELECT LOCALTIMESTAMP FROM DUAL;

           timestamp
    ------------------------
     06-AUG-07 16:11:35.973
    (1 row)

    SELECT LOCALTIMESTAMP(2) FROM DUAL;

           timestamp
    -----------------------
     06-AUG-07 16:11:44.58
    (1 row)

Since these functions return the start time of the current transaction, their values do not change during the transaction. This is considered a feature: the intent is to allow a single transaction to have a consistent notion of the “current” time, so that multiple modifications within the same transaction bear the same time stamp. Other database systems may advance these values more frequently.

## EXTRACT

The `EXTRACT` function retrieves subfields such as year or hour from date/time values. The `EXTRACT` function returns values of type `DOUBLE PRECISION`. The following are valid field names:

`YEAR`

> The year field

    SELECT EXTRACT(YEAR FROM TIMESTAMP '2001-02-16 20:38:40') FROM DUAL;

     date_part
    -----------
          2001
    (1 row)

`MONTH`

> The number of the month within the year (1 - 12)

    SELECT EXTRACT(MONTH FROM TIMESTAMP '2001-02-16 20:38:40') FROM DUAL;

     date_part
    -----------
             2
    (1 row)

`DAY`

> The day (of the month) field (1 - 31)

    SELECT EXTRACT(DAY FROM TIMESTAMP '2001-02-16 20:38:40') FROM DUAL;

     date_part
    -----------
            16
    (1 row)

`HOUR`

> The hour field (0 - 23)

    SELECT EXTRACT(HOUR FROM TIMESTAMP '2001-02-16 20:38:40') FROM DUAL;

     date_part
    -----------
            20
    (1 row)

`MINUTE`

> The minutes field (0 - 59)

    SELECT EXTRACT(MINUTE FROM TIMESTAMP '2001-02-16 20:38:40') FROM DUAL;

     date_part
    -----------
            38
    (1 row)

`SECOND`

> The seconds field, including fractional parts (0 - 59)

    SELECT EXTRACT(SECOND FROM TIMESTAMP '2001-02-16 20:38:40') FROM DUAL;

     date_part
    -----------
            40
    (1 row)

## MONTHS\_BETWEEN

The `MONTHS_BETWEEN` function returns the number of months between two dates. The result is a numeric value which is positive if the first date is greater than the second date or negative if the first date is less than the second date.

The result is always a whole number of months if the day of the month of both date parameters is the same, or both date parameters fall on the last day of their respective months.

The following are some examples of the `MONTHS_BETWEEN` function.

    SELECT MONTHS_BETWEEN('15-DEC-06','15-OCT-06') FROM DUAL;

     months_between
    ----------------
                  2
    (1 row)

    SELECT MONTHS_BETWEEN('15-OCT-06','15-DEC-06') FROM DUAL;

     months_between
    ----------------
                 -2
    (1 row)

    SELECT MONTHS_BETWEEN('31-JUL-00','01-JUL-00') FROM DUAL;

     months_between
    ----------------
        0.967741935
    (1 row)

    SELECT MONTHS_BETWEEN('01-JAN-07','01-JAN-06') FROM DUAL;

     months_between
    ----------------
                 12
    (1 row)

## NEXT\_DAY

The `NEXT_DAY` function returns the first occurrence of the given weekday strictly greater than the given date. At least the first three letters of the weekday must be specified - e.g., `SAT`. If the given date contains a time portion, it is carried forward to the result unchanged.

The following are examples of the `NEXT_DAY` function.

    SELECT NEXT_DAY(TO_DATE('13-AUG-07','DD-MON-YY'),'SUNDAY') FROM DUAL;

          next_day
    --------------------
     19-AUG-07 00:00:00
    (1 row)

    SELECT NEXT_DAY(TO_DATE('13-AUG-07','DD-MON-YY'),'MON') FROM DUAL;

          next_day
    --------------------
     20-AUG-07 00:00:00
    (1 row)

## NEW\_TIME

The `NEW_TIME` function converts a date and time from one time zone to another. `NEW_TIME` returns a value of type `DATE`. The syntax is:

    NEW_TIME(DATE, time_zone1, time_zone2)

`time_zone1` and `time_zone2` must be string values from the Time Zone column of the following table:

| Time Zone | Offset from UTC | Description                 |
|-----------|-----------------|-----------------------------|
| AST       | UTC+4           | Atlantic Standard Time      |
| ADT       | UTC+3           | Atlantic Daylight Time      |
| BST       | UTC+11          | Bering Standard Time        |
| BDT       | UTC+10          | Bering Daylight Time        |
| CST       | UTC+6           | Central Standard Time       |
| CDT       | UTC+5           | Central Daylight Time       |
| EST       | UTC+5           | Eastern Standard Time       |
| EDT       | UTC+4           | Eastern Daylight Time       |
| GMT       | UTC             | Greenwich Mean Time         |
| HST       | UTC+10          | Alaska-Hawaii Standard Time |
| HDT       | UTC+9           | Alaska-Hawaii Daylight Time |
| MST       | UTC+7           | Mountain Standard Time      |
| MDT       | UTC+6           | Mountain Daylight Time      |
| NST       | UTC+3:30        | Newfoundland Standard Time  |
| PST       | UTC+8           | Pacific Standard Time       |
| PDT       | UTC+7           | Pacific Daylight Time       |
| YST       | UTC+9           | Yukon Standard Time         |
| YDT       | UTC+8           | Yukon Daylight Time         |

Following is an example of the `NEW_TIME` function:

    SELECT NEW_TIME(TO_DATE('08-13-07 10:35:15','MM-DD-YY HH24:MI:SS'),'AST',
    'PST') "Pacific Standard Time" FROM DUAL;

    Pacific Standard Time
    ---------------------
     13-AUG-07 06:35:15
    (1 row)

## NUMTODSINTERVAL

The `NUMTODSINTERVAL` function converts a numeric value to a time interval that includes day through second interval units. When calling the function, specify the smallest fractional interval type to be included in the result set. The valid interval types are `DAY`, `HOUR`, `MINUTE`, and `SECOND`.

The following example converts a numeric value to a time interval that includes days and hours:

    SELECT numtodsinterval(100, ‘hour’);
    numtodsinterval
    ---------------
    4 days 04:00:00
    (1 row)

The following example converts a numeric value to a time interval that includes minutes and seconds:

    SELECT numtodsinterval(100, ‘second’);
    numtodsinterval
    ---------------
    1 min 40 secs
    (1 row)

## NUMTOYMINTERVAL

The `NUMTOYMINTERVAL` function converts a numeric value to a time interval that includes year through month interval units. When calling the function, specify the smallest fractional interval type to be included in the result set. The valid interval types are `YEAR` and `MONTH`.

The following example converts a numeric value to a time interval that includes years and months:

    SELECT numtoyminterval(100, ‘month’);
    numtoyminterval
    ---------------
    8 years 4 mons
    (1 row)

The following example converts a numeric value to a time interval that includes years only:

    SELECT numtoyminterval(100, ‘year’);
    numtoyminterval
    ---------------
    100 years
    (1 row)

## ROUND

The `ROUND` function returns a date rounded according to a specified template pattern. If the template pattern is omitted, the date is rounded to the nearest day. The following table shows the template patterns for the `ROUND` function.

|                                     |                                                                                                                                                                                                                                                      |
|-------------------------------------|------------------------------------------------------------------------------------------------------------------------------------------------------------------------------------------------------------------------------------------------------|
| Pattern                             | Description                                                                                                                                                                                                                                          |
| CC, SCC                             | Returns January 1, cc01 where cc is first 2 digits of the given year if last 2 digits &lt;= 50, or 1 greater than the first 2 digits of the given year if last 2 digits &gt; 50; (for AD years)                                                      |
| SYYY, YYYY, YEAR, SYEAR, YYY, YY, Y | Returns January 1, yyyy where yyyy is rounded to the nearest year; rounds down on June 30, rounds up on July 1                                                                                                                                       |
| IYYY, IYY, IY, I                    | Rounds to the beginning of the ISO year which is determined by rounding down if the month and day is on or before June 30th, or by rounding up if the month and day is July 1st or later                                                             |
| Q                                   | Returns the first day of the quarter determined by rounding down if the month and day is on or before the 15th of the second month of the quarter, or by rounding up if the month and day is on the 16th of the second month or later of the quarter |
| MONTH, MON, MM, RM                  | Returns the first day of the specified month if the day of the month is on or prior to the 15th; returns the first day of the following month if the day of the month is on the 16th or later                                                        |
| WW                                  | Round to the nearest date that corresponds to the same day of the week as the first day of the year                                                                                                                                                  |
| IW                                  | Round to the nearest date that corresponds to the same day of the week as the first day of the ISO year                                                                                                                                              |
| W                                   | Round to the nearest date that corresponds to the same day of the week as the first day of the month                                                                                                                                                 |
| DDD, DD, J                          | Rounds to the start of the nearest day; 11:59:59 AM or earlier rounds to the start of the same day; 12:00:00 PM or later rounds to the start of the next day                                                                                         |
| DAY, DY, D                          | Rounds to the nearest Sunday                                                                                                                                                                                                                         |
| HH, HH12, HH24                      | Round to the nearest hour                                                                                                                                                                                                                            |
| MI                                  | Round to the nearest minute                                                                                                                                                                                                                          |

Following are examples of usage of the `ROUND` function.

The following examples round to the nearest hundred years.

    SELECT TO_CHAR(ROUND(TO_DATE('1950','YYYY'),'CC'),'DD-MON-YYYY') "Century"
    FROM DUAL;

       Century
    -------------
     01-JAN-1901
    (1 row)

    SELECT TO_CHAR(ROUND(TO_DATE('1951','YYYY'),'CC'),'DD-MON-YYYY') "Century"
    FROM DUAL;

       Century
    -------------
     01-JAN-2001
    (1 row)

The following examples round to the nearest year.

    SELECT TO_CHAR(ROUND(TO_DATE('30-JUN-1999','DD-MON-YYYY'),'Y'),'DD-MON-
    YYYY') "Year" FROM DUAL;

        Year
    -------------
     01-JAN-1999
    (1 row)

    SELECT TO_CHAR(ROUND(TO_DATE('01-JUL-1999','DD-MON-YYYY'),'Y'),'DD-MON-
    YYYY') "Year" FROM DUAL;

        Year
    -------------
     01-JAN-2000
    (1 row)

The following examples round to the nearest ISO year. The first example rounds to 2004 and the ISO year for 2004 begins on December 29<sup>th</sup> of 2003. The second example rounds to 2005 and the ISO year for 2005 begins on January 3<sup>rd</sup> of that same year.

(An ISO year begins on the first Monday from which a 7 day span, Monday thru Sunday, contains at least 4 days of the new year. Thus, it is possible for the beginning of an ISO year to start in December of the prior year.)

    SELECT TO_CHAR(ROUND(TO_DATE('30-JUN-2004','DD-MON-YYYY'),'IYYY'),'DD-MON-
    YYYY') "ISO Year" FROM DUAL;

      ISO Year
    -------------
     29-DEC-2003
    (1 row)

    SELECT TO_CHAR(ROUND(TO_DATE('01-JUL-2004','DD-MON-YYYY'),'IYYY'),'DD-MON-
    YYYY') "ISO Year" FROM DUAL;

      ISO Year
    -------------
     03-JAN-2005
    (1 row)

The following example round to the nearest quarter:

    SELECT ROUND(TO_DATE('15-FEB-07','DD-MON-YY'),'Q') "Quarter" FROM DUAL;

          Quarter
    --------------------
     01-JAN-07 00:00:00
    (1 row)

    SELECT ROUND(TO_DATE('16-FEB-07','DD-MON-YY'),'Q') "Quarter" FROM DUAL;

          Quarter
    --------------------
     01-APR-07 00:00:00
    (1 row)

The following example round to the nearest month:

    SELECT ROUND(TO_DATE('15-DEC-07','DD-MON-YY'),'MONTH') "Month" FROM DUAL;

           Month
    --------------------
     01-DEC-07 00:00:00
    (1 row)

    SELECT ROUND(TO_DATE('16-DEC-07','DD-MON-YY'),'MONTH') "Month" FROM DUAL;

           Month
    --------------------
     01-JAN-08 00:00:00
    (1 row)

The following examples round to the nearest week. The first day of 2007 lands on a Monday so in the first example, January 18<sup>th</sup> is closest to the Monday that lands on January 15<sup>th</sup>. In the second example, January 19<sup>th</sup> is closer to the Monday that falls on January 22<sup>nd</sup>.

    SELECT ROUND(TO_DATE('18-JAN-07','DD-MON-YY'),'WW') "Week" FROM DUAL;

            Week
    --------------------
     15-JAN-07 00:00:00
    (1 row)

    SELECT ROUND(TO_DATE('19-JAN-07','DD-MON-YY'),'WW') "Week" FROM DUAL;

            Week
    --------------------
     22-JAN-07 00:00:00
    (1 row)

The following examples round to the nearest ISO week. An ISO week begins on a Monday. In the first example, January 1, 2004 is closest to the Monday that lands on December 29, 2003. In the second example, January 2, 2004 is closer to the Monday that lands on January 5, 2004.

    SELECT ROUND(TO_DATE('01-JAN-04','DD-MON-YY'),'IW') "ISO Week" FROM DUAL;

          ISO Week
    --------------------
     29-DEC-03 00:00:00
    (1 row)

    SELECT ROUND(TO_DATE('02-JAN-04','DD-MON-YY'),'IW') "ISO Week" FROM DUAL;

          ISO Week
    --------------------
     05-JAN-04 00:00:00
    (1 row)

The following examples round to the nearest week where a week is considered to start on the same day as the first day of the month.

    SELECT ROUND(TO_DATE('05-MAR-07','DD-MON-YY'),'W') "Week" FROM DUAL;

            Week
    --------------------
     08-MAR-07 00:00:00
    (1 row)

    SELECT ROUND(TO_DATE('04-MAR-07','DD-MON-YY'),'W') "Week" FROM DUAL;

            Week
    --------------------
     01-MAR-07 00:00:00
    (1 row)

The following examples round to the nearest day.

    SELECT ROUND(TO_DATE('04-AUG-07 11:59:59 AM','DD-MON-YY HH:MI:SS AM'),'J')
    "Day" FROM DUAL;

            Day
    --------------------
     04-AUG-07 00:00:00
    (1 row)

    SELECT ROUND(TO_DATE('04-AUG-07 12:00:00 PM','DD-MON-YY HH:MI:SS AM'),'J')
    "Day" FROM DUAL;

            Day
    --------------------
     05-AUG-07 00:00:00
    (1 row)

The following examples round to the start of the nearest day of the week (Sunday).

    SELECT ROUND(TO_DATE('08-AUG-07','DD-MON-YY'),'DAY') "Day of Week" FROM
    DUAL;

        Day of Week
    --------------------
     05-AUG-07 00:00:00
    (1 row)

    SELECT ROUND(TO_DATE('09-AUG-07','DD-MON-YY'),'DAY') "Day of Week" FROM
    DUAL;

        Day of Week
    --------------------
     12-AUG-07 00:00:00
    (1 row)

The following examples round to the nearest hour.

    SELECT TO_CHAR(ROUND(TO_DATE('09-AUG-07 08:29','DD-MON-YY HH:MI'),'HH'),'DD-
    MON-YY HH24:MI:SS') "Hour" FROM DUAL;

            Hour
    --------------------
     09-AUG-07 08:00:00
    (1 row)

    SELECT TO_CHAR(ROUND(TO_DATE('09-AUG-07 08:30','DD-MON-YY HH:MI'),'HH'),'DD-
    MON-YY HH24:MI:SS') "Hour" FROM DUAL;

            Hour
    --------------------
     09-AUG-07 09:00:00
    (1 row)

The following examples round to the nearest minute.

    SELECT TO_CHAR(ROUND(TO_DATE('09-AUG-07 08:30:29','DD-MON-YY
    HH:MI:SS'),'MI'),'DD-MON-YY HH24:MI:SS') "Minute" FROM DUAL;

           Minute
    --------------------
     09-AUG-07 08:30:00
    (1 row)

    SELECT TO_CHAR(ROUND(TO_DATE('09-AUG-07 08:30:30','DD-MON-YY
    HH:MI:SS'),'MI'),'DD-MON-YY HH24:MI:SS') "Minute" FROM DUAL;

           Minute
    --------------------
     09-AUG-07 08:31:00
    (1 row)

## SYSDATE

The `SYSDATE` function returns the current date and time (timestamp without timezone) of the operating system on which the database server resides. The function is `STABLE` and requires no arguments.

When called from a single SQL statement, it will return the same value for each occurrence within the statement. If called from multiple statements within a transaction, may return different values for each occurrence. If called from a function, may return a different value than the value returned by `SYSDATE` in the caller.

The following example demonstrates a call to `SYSDATE`:

    SELECT SYSDATE, SYSDATE FROM DUAL;
       sysdate          |      sysdate
    --------------------+--------------------
     28-APR-20 16:45:28 | 28-APR-20 16:45:28
    (1 row)

## TRUNC

The `TRUNC` function returns a date truncated according to a specified template pattern. If the template pattern is omitted, the date is truncated to the nearest day. The following table shows the template patterns for the `TRUNC` function.

|                                     |                                                                                                                                                  |
|-------------------------------------|--------------------------------------------------------------------------------------------------------------------------------------------------|
| Pattern                             | Description                                                                                                                                      |
| CC, SCC                             | Returns January 1, cc 01 where cc is first 2 digits of the given year                                                                            |
| SYYY, YYYY, YEAR, SYEAR, YYY, YY, Y | Returns January 1, yyyy where yyyy is the given year                                                                                             |
| IYYY, IYY, IY, I                    | Returns the start date of the ISO year containing the given date                                                                                 |
| Q                                   | Returns the first day of the quarter containing the given date                                                                                   |
| MONTH, MON, MM, RM                  | Returns the first day of the specified month                                                                                                     |
| WW                                  | Returns the largest date just prior to, or the same as the given date that corresponds to the same day of the week as the first day of the year  |
| IW                                  | Returns the start of the ISO week containing the given date                                                                                      |
| W                                   | Returns the largest date just prior to, or the same as the given date that corresponds to the same day of the week as the first day of the month |
| DDD, DD, J                          | Returns the start of the day for the given date                                                                                                  |
| DAY, DY, D                          | Returns the start of the week (Sunday) containing the given date                                                                                 |
| HH, HH12, HH24                      | Returns the start of the hour                                                                                                                    |
| MI                                  | Returns the start of the minute                                                                                                                  |

Following are examples of usage of the `TRUNC` function.

The following example truncates down to the hundred years unit.

    SELECT TO_CHAR(TRUNC(TO_DATE('1951','YYYY'),'CC'),'DD-MON-YYYY') "Century"
    FROM DUAL;

       Century
    -------------
     01-JAN-1901
    (1 row)

The following example truncates down to the year.

    SELECT TO_CHAR(TRUNC(TO_DATE('01-JUL-1999','DD-MON-YYYY'),'Y'),'DD-MON-
    YYYY') "Year" FROM DUAL;

        Year
    -------------
     01-JAN-1999
    (1 row)

The following example truncates down to the beginning of the ISO year.

    SELECT TO_CHAR(TRUNC(TO_DATE('01-JUL-2004','DD-MON-YYYY'),'IYYY'),'DD-MON-
    YYYY') "ISO Year" FROM DUAL;

      ISO Year
    -------------
     29-DEC-2003
    (1 row)

The following example truncates down to the start date of the quarter.

    SELECT TRUNC(TO_DATE('16-FEB-07','DD-MON-YY'),'Q') "Quarter" FROM DUAL;

          Quarter
    --------------------
     01-JAN-07 00:00:00
    (1 row)

The following example truncates to the start of the month.

    SELECT TRUNC(TO_DATE('16-DEC-07','DD-MON-YY'),'MONTH') "Month" FROM DUAL;

           Month
    --------------------
     01-DEC-07 00:00:00
    (1 row)

The following example truncates down to the start of the week determined by the first day of the year. The first day of 2007 lands on a Monday so the Monday just prior to January 19<sup>th</sup> is January 15<sup>th</sup>.

    SELECT TRUNC(TO_DATE('19-JAN-07','DD-MON-YY'),'WW') "Week" FROM DUAL;

            Week
    --------------------
     15-JAN-07 00:00:00
    (1 row)

The following example truncates to the start of an ISO week. An ISO week begins on a Monday. January 2, 2004 falls in the ISO week that starts on Monday, December 29, 2003.

    SELECT TRUNC(TO_DATE('02-JAN-04','DD-MON-YY'),'IW') "ISO Week" FROM DUAL;

          ISO Week
    --------------------
     29-DEC-03 00:00:00
    (1 row)

The following example truncates to the start of the week where a week is considered to start on the same day as the first day of the month.

    SELECT TRUNC(TO_DATE('21-MAR-07','DD-MON-YY'),'W') "Week" FROM DUAL;

            Week
    --------------------
     15-MAR-07 00:00:00
    (1 row)

The following example truncates to the start of the day.

    SELECT TRUNC(TO_DATE('04-AUG-07 12:00:00 PM','DD-MON-YY HH:MI:SS AM'),'J')
    "Day" FROM DUAL;

            Day
    --------------------
     04-AUG-07 00:00:00
    (1 row)

The following example truncates to the start of the week (Sunday).

    SELECT TRUNC(TO_DATE('09-AUG-07','DD-MON-YY'),'DAY') "Day of Week" FROM
    DUAL;

        Day of Week
    --------------------
     05-AUG-07 00:00:00
    (1 row)

The following example truncates to the start of the hour.

    SELECT TO_CHAR(TRUNC(TO_DATE('09-AUG-07 08:30','DD-MON-YY HH:MI'),'HH'),'DD-
    MON-YY HH24:MI:SS') "Hour" FROM DUAL;

            Hour
    --------------------
     09-AUG-07 08:00:00
    (1 row)

The following example truncates to the minute.

    SELECT TO_CHAR(TRUNC(TO_DATE('09-AUG-07 08:30:30','DD-MON-YY
    HH:MI:SS'),'MI'),'DD-MON-YY HH24:MI:SS') "Minute" FROM DUAL;

           Minute
    --------------------
     09-AUG-07 08:30:00
    (1 row)
