---
title: "Aggregate Functions"
---

<div id="aggregate_functions" class="registered_link"></div>


`Aggregate` functions compute a single result value from a set of input values. The built-in aggregate functions are listed in the following tables.

|                     |                                                                                             |                                                                                                                                                                    |                                                                    |
|---------------------|---------------------------------------------------------------------------------------------|--------------------------------------------------------------------------------------------------------------------------------------------------------------------|--------------------------------------------------------------------|
| Function            | Argument Type                                                                               | Return Type                                                                                                                                                        | Description                                                        |
| AVG (expression)    | INTEGER, REAL, DOUBLE PRECISION, NUMBER                                                     | NUMBER for any integer type, DOUBLE PRECISION for a floating-point argument, otherwise the same as the argument data type                                          | The average (arithmetic mean) of all input values                  |
| COUNT(\*)           |                                                                                             | BIGINT                                                                                                                                                             | Number of input rows                                               |
| COUNT (expression)  | Any                                                                                         | BIGINT                                                                                                                                                             | Number of input rows for which the value of expression is not null |
| MAX (expression)    | Any numeric, string, date/time, or bytea type                                               | Same as argument type                                                                                                                                              | Maximum value of expression across all input values                |
| MEDIAN (expression) | BIGINT, DOUBLE PRECISION, INTEGER, INTERVAL, NUMERIC, REAL, SMALLINT, TIMESTAMP, TIMESTAMPZ | NUMBER for any integer type, DOUBLE PRECISION for a floating-point argument, otherwise the same as the argument data type                                          | Identifies the middle value of an expression                       |
| MIN (expression)    | Any numeric, string, date/time, or bytea type                                               | Same as argument type                                                                                                                                              | Minimum value of expression across all input values                |
| SUM (expression)    | INTEGER, REAL, DOUBLE PRECISION, NUMBER                                                     | BIGINT for SMALLINT or INTEGER arguments, NUMBER for BIGINT arguments, DOUBLE PRECISION for floating-point arguments, otherwise the same as the argument data type | Sum of expression across all input values                          |

It should be noted that except for `COUNT`, these functions return a null value when no rows are selected. In particular, `SUM` of no rows returns null, not zero as one might expect. The `COALESCE` function may be used to substitute zero for null when necessary.

The following table shows the aggregate functions typically used in statistical analysis. (These are separated out merely to avoid cluttering the listing of more-commonly-used aggregates.) Where the description mentions `N`, it means the number of input rows for which all the input expressions are non-null. In all cases, null is returned if the computation is meaningless, for example when `N` is zero.

|                          |                                         |                                                                 |                                                                                                 |
|--------------------------|-----------------------------------------|-----------------------------------------------------------------|-------------------------------------------------------------------------------------------------|
| Function                 | Argument Type                           | Return Type                                                     | Description                                                                                     |
| CORR(Y, X)               | DOUBLE PRECISION                        | DOUBLE PRECISION                                                | Correlation coefficient                                                                         |
| COVAR\_POP(Y, X)         | DOUBLE PRECISION                        | DOUBLE PRECISION                                                | Population covariance                                                                           |
| COVAR\_SAMP(Y, X)        | DOUBLE PRECISION                        | DOUBLE PRECISION                                                | Sample covariance                                                                               |
| REGR\_AVGX(Y, X)         | DOUBLE PRECISION                        | DOUBLE PRECISION                                                | Average of the independent variable (sum(X) / N)                                                |
| REGR\_AVGY(Y, X)         | DOUBLE PRECISION                        | DOUBLE PRECISION                                                | Average of the dependent variable (sum(Y) / N)                                                  |
| REGR\_COUNT(Y, X)        | DOUBLE PRECISION                        | DOUBLE PRECISION                                                | Number of input rows in which both expressions are nonnull                                      |
| REGR\_INTERCEPT(Y, X)    | DOUBLE PRECISION                        | DOUBLE PRECISION                                                | y-intercept of the least-squares-fit linear equation determined by the (X, Y) pairs             |
| REGR\_R2(Y, X)           | DOUBLE PRECISION                        | DOUBLE PRECISION                                                | Square of the correlation coefficient                                                           |
| REGR\_SLOPE(Y, X)        | DOUBLE PRECISION                        | DOUBLE PRECISION                                                | Slope of the least-squares-fit linear equation determined by the (X, Y) pairs                   |
| REGR\_SXX(Y, X)          | DOUBLE PRECISION                        | DOUBLE PRECISION                                                | Sum (X<sup>2</sup>) – sum (X) <sup>2</sup> / N (“sum of squares” of the independent variable)   |
| REGR\_SXY(Y, X)          | DOUBLE PRECISION                        | DOUBLE PRECISION                                                | Sum (X\*Y) – sum (X) \* sum (Y) / N (“sum of products” of independent times dependent variable) |
| REGR\_SYY(Y, X)          | DOUBLE PRECISION                        | DOUBLE PRECISION                                                | Sum (Y<sup>2</sup>) – sum (Y) <sup>2</sup> / N (“sum of squares” of the dependent variable)     |
| STDDEV(expression)       | INTEGER, REAL, DOUBLE PRECISION, NUMBER | DOUBLE PRECISION for floating-point arguments, otherwise NUMBER | Historic alias for STDDEV\_SAMP                                                                 |
| STDDEV\_POP(expression)  | INTEGER, REAL, DOUBLE PRECISION, NUMBER | DOUBLE PRECISION for floating-point arguments, otherwise NUMBER | Population standard deviation of the input values                                               |
| STDDEV\_SAMP(expression) | INTEGER, REAL, DOUBLE PRECISION, NUMBER | DOUBLE PRECISION for floating-point arguments, otherwise NUMBER | Sample standard deviation of the input values                                                   |
| VARIANCE(expression)     | INTEGER, REAL, DOUBLE PRECISION, NUMBER | DOUBLE PRECISION for floating-point arguments, otherwise NUMBER | Historical alias for VAR\_SAMP                                                                  |
| VAR\_POP(expression)     | INTEGER, REAL, DOUBLE PRECISION, NUMBER | DOUBLE PRECISION for floating-point arguments, otherwise NUMBER | Population variance of the input values (square of the population standard deviation)           |
| VAR\_SAMP(expression)    | INTEGER, REAL, DOUBLE PRECISION, NUMBER | DOUBLE PRECISION for floating-point arguments, otherwise NUMBER | Sample variance of the input values (square of the sample standard deviation)                   |

## LISTAGG

Advanced Server has added the `LISTAGG` function to support string aggregation. `LISTAGG` is an aggregate function that concatenates data from multiple rows into a single row in an ordered manner. You can optionally include a custom delimiter for your data.

The `LISTAGG` function mandates the use of an `ORDER BY` clause under a `WITHIN GROUP` clause to concatenate values of the measure column, and then generate the ordered aggregated data.

**Objective**

> -   `LISTAGG` can be used without any grouping. In this case, the `LISTAGG` function operates on all rows in a table and returns a single row.
> -   `LISTAGG` can be used with the `GROUP BY` clause. In this case, the `LISTAGG` function operates on each group and returns an aggregated output for each group.
> -   `LISTAGG` can be used with the `OVER` clause. In this case, the `LISTAGG` function partitions a query result set into groups based on the expression in the `query_partition_by_clause` and then aggregates data in each group.

**Synopsis**

    LISTAGG( <measure_expr> [, <delimiter> ]) WITHIN GROUP( <order_by_clause> )
    [ OVER <query_partition_by_clause> ]

**Parameters**

`measure_expr`

> `measure_expr` (mandatory) specifies the column or expression that assigns a value to aggregate. `NULL` values are ignored.

`delimiter`

> `delimiter` (optional) specifies a string that separates the concatenated values in the result row. The `delimiter` can be a `NULL` value, string, character literal, column name, or constant expression. If ignored, the `LISTAGG` function uses a `NULL` value by default.

`order_by_clause`

> `order_by_clause` (mandatory) determines the sort order in which the concatenated values are returned.

`query_partition_by_clause`

> `query_partition_by_clause` (optional) allows `LISTAGG` function to be used as an analytic function and sets the range of records for each group in the `OVER` clause.

**Return Type**

The `LISTAGG` function returns a string value.

**Examples**

The following example concatenates the values in the `EMP` table and lists all the employees separated by a `delimiter` comma.

First, create a table named `EMP` and then insert records into the `EMP` table.

    edb=# CREATE TABLE EMP
    edb-#        (EMPNO NUMBER(4) NOT NULL,
    edb(#         ENAME VARCHAR2(10),
    edb(#         JOB VARCHAR2(9),
    edb(#         MGR NUMBER(4),
    edb(#         HIREDATE DATE,
    edb(#         SAL NUMBER(7, 2),
    edb(#         COMM NUMBER(7, 2),
    edb(#         DEPTNO NUMBER(2));
    CREATE TABLE

    edb=# INSERT INTO EMP VALUES
    edb-#         (7499, 'ALLEN',  'SALESMAN',  7698,
    edb(#         TO_DATE('20-FEB-1981', 'DD-MON-YYYY'), 1600,  300, 30);
    INSERT 0 1
    edb=# INSERT INTO EMP VALUES
    edb-#         (7521, 'WARD',   'SALESMAN',  7698,
    edb(#         TO_DATE('22-FEB-1981', 'DD-MON-YYYY'), 1250,  500, 30);
    INSERT 0 1
    edb=# INSERT INTO EMP VALUES
    edb-#         (7566, 'JONES',  'MANAGER',   7839,
    edb(#         TO_DATE('2-APR-1981', 'DD-MON-YYYY'),  2975, NULL, 20);
    INSERT 0 1
    edb=# INSERT INTO EMP VALUES
    edb-#         (7654, 'MARTIN', 'SALESMAN',  7698,
    edb(#         TO_DATE('28-SEP-1981', 'DD-MON-YYYY'), 1250, 1400, 30);
    INSERT 0 1
    edb=# INSERT INTO EMP VALUES
    edb-#         (7698, 'BLAKE',  'MANAGER',   7839,
    edb(#         TO_DATE('1-MAY-1981', 'DD-MON-YYYY'),  2850, NULL, 30);
    INSERT 0 1

    edb=# SELECT LISTAGG(ENAME, ',') WITHIN GROUP (ORDER BY ENAME) FROM EMP;
                   listagg
    -------------------------------------
     ALLEN,BLAKE,JONES,MARTIN,WARD
    (1 row)

The following example uses `PARTITION BY` clause with `LISTAGG` in `EMP` table and generates output based on a partition by `DEPTNO` that applies to each partition and not on the entire table.

    edb=# SELECT DISTINCT DEPTNO, LISTAGG(ENAME, ',') WITHIN GROUP (ORDER BY
    ENAME) OVER(PARTITION BY DEPTNO) FROM EMP;
     deptno |         listagg
    --------+-------------------------
         30 | ALLEN,BLAKE,MARTIN,WARD
         20 | JONES
    (2 rows)

The following example is identical to the previous example, except it includes the `GROUP BY` clause.

    edb=# SELECT DEPTNO, LISTAGG(ENAME, ',') WITHIN GROUP (ORDER BY ENAME) FROM
    EMP GROUP BY DEPTNO;
     deptno |         listagg
    --------+-------------------------
         20 | JONES
         30 | ALLEN,BLAKE,MARTIN,WARD
    (2 rows)

## MEDIAN

The `MEDIAN` function calculates the middle value of an expression from a given range of values; `NULL` values are ignored. The `MEDIAN` function returns an error if a query does not reference the user-defined table.

**Objective**

> -   `MEDIAN` can be used without any grouping. In this case, the `MEDIAN` function operates on all rows in a table and returns a single row.
> -   `MEDIAN` can be used with the `OVER` clause. In this case, the `MEDIAN` function partitions a query result set into groups based on the `expression` specified in the `PARTITION BY` clause and then aggregates data in each group.

**Synopsis**

    MEDIAN( <median_expression> ) [ OVER ( [ PARTITION BY... ] ) ]

**Parameters**

`median_expression`

> `median_expression` (mandatory) is a target column or expression that the `MEDIAN` function operates on and returns a median value. It can be a numeric, datetime, or interval data type.

`PARTITION BY`

> `PARTITION BY` clause (optional) allows a `MEDIAN` function to be used as an analytic function and sets the range of records for each group in the `OVER` clause.

**Return Types**

The return type is determined by the input data type of `expression`. The following table illustrates the return type for each input type.

|                         |                  |
|-------------------------|------------------|
| Input Type              | Return Type      |
| BIGINT                  | NUMERIC          |
| FLOAT, DOUBLE PRECISION | DOUBLE PRECISION |
| INTEGER                 | NUMERIC          |
| INTERVAL                | INTERVAL         |
| NUMERIC                 | NUMERIC          |
| REAL                    | REAL             |
| SMALLINT                | NUMERIC          |
| TIMESTAMP               | TIMESTAMP        |
| TIMESTAMPTZ             | TIMESTAMPTZ      |

**Examples**

In the following example, a query returns the median salary for each department in the `EMP` table:

    edb=# SELECT * FROM EMP;
     empno| ename |   job   | mgr  |      hiredate     |   sal  | comm   | deptno
     -----+-------+---------+------+-------------------+--------+--------+-------
     7369 | SMITH | CLERK   | 7902 | 17-DEC-80 00:00:00|  800.00|        |   20
     7499 | ALLEN | SALESMAN| 7698 | 20-FEB-81 00:00:00| 1600.00| 300.0  |   30
     7521 | WARD  | SALESMAN| 7698 | 22-FEB-81 00:00:00| 1250.00| 500.00 |   30
     7566 | JONES | MANAGER | 7839 | 02-APR-81 00:00:00| 2975.00|        |   20
     7654 | MARTIN| SALESMAN| 7698 | 28-SEP-81 00:00:00| 1250.00| 1400.00|   30
    (5 rows)

     edb=# SELECT MEDIAN (SAL) FROM EMP;
      median
     --------
        1250
     (1 row)

The following example uses `PARTITION BY` clause with `MEDIAN` in `EMP` table and returns the median salary based on a partition by `DEPTNO`:

    edb=# SELECT EMPNO, ENAME, DEPTNO, MEDIAN (SAL) OVER (PARTITION BY DEPTNO)
    FROM EMP;
     empno | ename  | deptno | median
    -------+--------+--------+--------
      7369 | SMITH  |     20 | 1887.5
      7566 | JONES  |     20 | 1887.5
      7499 | ALLEN  |     30 |   1250
      7521 | WARD   |     30 |   1250
      7654 | MARTIN |     30 |   1250
    (5 rows)

The `MEDIAN` function can be compared with `PERCENTILE_CONT`. In the following example, `MEDIAN` generates the same result as `PERCENTILE_CONT`:

    edb=# SELECT MEDIAN (SAL), PERCENTILE_CONT(0.5) WITHIN GROUP(ORDER BY SAL)
    FROM EMP;
     median | percentile_cont
    --------+-----------------
       1250 |            1250
    (1 row)

## STATS\_MODE

The `STATS_MODE` function takes a set of values as an argument and returns the value that occurs with the highest frequency. If multiple values are appearing with the same frequency, the `STATS_MODE` function arbitrarily chooses the first value and returns only that one value.

**Objective**

-   `STATS_MODE` function can be used without any grouping. In this case, the `STATS_MODE` function operates on all the rows in a table and returns a single value.
-   `STATS_MODE` can be used as an ordered-set aggregate function using the `WITHIN GROUP` clause. In this case, the `STATS_MODE` function operates on the ordered data set.
-   `STATS_MODE` can be used with the `GROUP BY` clause. In this case, the `STATS_MODE` function operates on each group and returns the most frequent and aggregated output for each group.

**Synopsis**

    STATS_MODE( <expr> )

OR

    STATS_MODE() WITHIN GROUP ( ORDER BY sort_expression )

**Parameters**

`expr`

> An expression or value to assign to the column.

**Return Type**

The `STATS_MODE` function returns a value that appears frequently. However, if all the values of a column are `NULL`, the `STATS_MODE` returns `NULL`.

**Examples**

The following example returns the mode of salary in the `EMP` table:

    edb=# SELECT * FROM EMP;
     empno| ename |   job   | mgr  |      hiredate     |   sal  | comm   | deptno
    ------+-------+---------+------+-------------------+--------+--------+-------
     7369 | SMITH | CLERK   | 7902 | 17-DEC-80 00:00:00|  800.00|        |   20
     7499 | ALLEN | SALESMAN| 7698 | 20-FEB-81 00:00:00| 1600.00| 300.0  |   30
     7521 | WARD  | SALESMAN| 7698 | 22-FEB-81 00:00:00| 1250.00| 500.00 |   30
     7566 | JONES | MANAGER | 7839 | 02-APR-81 00:00:00| 2975.00|        |   20
     7654 | MARTIN| SALESMAN| 7698 | 28-SEP-81 00:00:00| 1250.00| 1400.00|   30
    (5 rows)

    edb=# SELECT STATS_MODE(SAL) FROM EMP;
     stats_mode
    ------------
       1250.00
    (1 row)

The following example uses `GROUP BY` and `ORDER BY` clause with `STATS_MODE` in `EMP` table and returns the salary based on a partition by `DEPTNO`:

    edb=# SELECT STATS_MODE(SAL) FROM EMP GROUP BY DEPTNO ORDER BY DEPTNO;
     stats_mode
    ------------
       800.00
       1250.00
    (2 rows)

The following example uses the `WITHIN GROUP` clause with the `STATS_MODE` function to perform aggregation on the ordered data set.

    SELECT STATS_MODE() WITHIN GROUP(ORDER BY SAL) FROM EMP;
     stats_mode
    ------------
       1250.00
    (1 row)
