---
title: "Data type formatting functions"
legacyRedirectsGenerated:
  # This list is generated by a script. If you need add entries, use the `legacyRedirects` key.
  - "/edb-docs/d/edb-postgres-advanced-server/reference/database-compatibility-for-oracle-developers-reference-guide/9.6/Database_Compatibility_for_Oracle_Developers_Reference_Guide.1.100.html"
  - "/edb-docs/d/edb-postgres-advanced-server/user-guides/database-compatibility-for-oracle-developers-guide/9.5/Database_Compatibility_for_Oracle_Developers_Guide.1.134.html"
  - "/edb-docs/d/edb-postgres-advanced-server/user-guides/user-guide/9.5/EDB_Postgres_Enterprise_Guide.1.043.html"
---

<div id="data_type_formatting_functions" class="registered_link"></div>

The Advanced Server formatting functions described in the following table provide a powerful set of tools for converting various data types (date/time, integer, floating point, numeric) to formatted strings and for converting from formatted strings to specific data types. These functions all follow a common calling convention: the first argument is the value to be formatted and the second argument is a string template that defines the output or input format.

| Function                            | Return type   | Description                                                                                    | Example                                                                                                    | Result                                                |
| ----------------------------------- | ------------- | ---------------------------------------------------------------------------------------------- | ---------------------------------------------------------------------------------------------------------- | ----------------------------------------------------- |
| `TO_CHAR(DATE [, format ])`         | `VARCHAR2`    | Convert a date/time to a string with output, `format`. If omitted default format is DD-MON-YY. | `TO_CHAR(SYSDATE, 'MM/DD/YYYY HH12:MI:SS AM')`                                                             | `07/25/2007 09:43:02 AM`                              |
| `TO_CHAR(TIMESTAMP [, format ])`    | `VARCHAR2`    | Convert a timestamp to a string with output, `format`. If omitted default format is DD-MON-YY. | `TO_CHAR (CURRENT_TIMESTAMP, 'MM/DD/YYYY HH12:MI:SS AM')`                                                  | `08/13/2015 08:55:22 PM`                              |
| `TO_CHAR(INTEGER [, format ])`      | `VARCHAR2`    | Convert an integer to a string with output, `format`                                           | `TO_CHAR(2412, '999,999S')`                                                                                | `2,412+`                                              |
| `TO_CHAR(NUMBER [, format ])`       | `VARCHAR2`    | Convert a decimal number to a string with output, `format`                                     | `TO_CHAR(10125.35, '999,999.99')`                                                                          | `10,125.35`                                           |
| `TO_CHAR(DOUBLE PRECISION, format)` | `VARCHAR2`    | Convert a floating-point number to a string with output, `format`                              | `TO_CHAR (CAST(123.5282 AS REAL), '999.99')`                                                               | `123.53`                                              |
| `TO_DATE(string [, format ])`       | `TIMESTAMP`   | Convert a date or timestamp formatted string to a `TIMESTAMP` data type                        | `TO_DATE('2007-07-04 13:39:10', 'YYYY-MM-DD HH24:MI:SS')` <br /><br />`TO_DATE('2007-07-04','YYYY-MM-DD')` | `04-JUL-07 13:39:10` <br /><br />`04-JUL-07 00:00:00` |
| `TO_NUMBER(string [, format ])`     | `NUMBER`      | Convert a number formatted string to a `NUMBER` data type                                      | `TO_NUMBER('2,412-', '999,999S')`                                                                          | `-2412`                                               |
| `TO_TIMESTAMP(string, format)`      | `TIMESTAMPTZ` | Convert a timestamp formatted string to a `TIMESTAMPTZ` data type                              | `TO_TIMESTAMP('05 Dec 2000 08:30:25 pm', 'DD Mon YYYY hh12:mi:ss pm')`                                     | `05-DEC-00 20:30:25 +05:30`                           |
| `TO_TIMESTAMP_TZ(string, format)`   | `TIMESTAMPTZ` | Convert a timestamp formatted string to a `TIMESTAMPTZ` data type                              | `TO_TIMESTAMP_TZ ('2003/12/13 10:13:18 -8:00', 'YYYY/MM/DD HH:MI:SS TZH:TZM')`                             | `13-DEC-03 23:43:18 +05:30`                           |

## TO_CHAR, TO_DATE, TO_TIMESTAMP, and TO_TIMESTAMP_TZ

In an output template string (for `TO_CHAR`), there are certain patterns that are recognized and replaced with appropriately-formatted data from the value to be formatted. Any text that is not a template pattern is simply copied verbatim. Similarly, in an input template string (for anything but `TO_CHAR`), template patterns identify the parts of the input data string to be looked at and the values to be found there.

If you do not specify a date, month, or year when calling `TO_TIMESTAMP`, `TO_TIMESTAMP_TZ` or `TO_DATE`, then by default the output format considers the first date of a current month or current year respectively. In the following example, date, month, and year is not specified in the input string; `TO_TIMESTAMP`, `TO_TIMESTAMP_TZ`, and `TO_DATE` returns a default value of the first date of a current month and current year.

```text
edb=# select to_timestamp('12', 'HH');
      to_timestamp
---------------------------
 01-MAY-20 12:00:00 +05:30
(1 row)

edb=# select to_timestamp_tz('12', 'HH');
      to_timestamp_tz
---------------------------
 01-MAY-20 12:00:00 +05:30
(1 row)

edb=# select to_date('12', 'HH');
      to_date
--------------------
 01-MAY-20 12:00:00
(1 row)
```

The following table shows the template patterns available for formatting date values using the `TO_CHAR`, `TO_DATE`, `TO_TIMESTAMP`, and `TO_TIMESTAMP_TZ` functions.

| Pattern                    | Description                                                                                                                                                                                                                                                                                                                                                                                                                                                                                                                                                                                                                                                                                  |
| -------------------------- | -------------------------------------------------------------------------------------------------------------------------------------------------------------------------------------------------------------------------------------------------------------------------------------------------------------------------------------------------------------------------------------------------------------------------------------------------------------------------------------------------------------------------------------------------------------------------------------------------------------------------------------------------------------------------------------------- |
| `HH`                       | Hour of day (01-12)                                                                                                                                                                                                                                                                                                                                                                                                                                                                                                                                                                                                                                                                          |
| `HH12`                     | Hour of day (01-12)                                                                                                                                                                                                                                                                                                                                                                                                                                                                                                                                                                                                                                                                          |
| `HH24`                     | Hour of day (00-23)                                                                                                                                                                                                                                                                                                                                                                                                                                                                                                                                                                                                                                                                          |
| `MI`                       | Minute (00-59)                                                                                                                                                                                                                                                                                                                                                                                                                                                                                                                                                                                                                                                                               |
| `SS`                       | Second (00-59)                                                                                                                                                                                                                                                                                                                                                                                                                                                                                                                                                                                                                                                                               |
| `SSSSS`                    | Seconds past midnight (0-86399)                                                                                                                                                                                                                                                                                                                                                                                                                                                                                                                                                                                                                                                              |
| `FFn`                      | Fractional seconds where `n` is an optional integer from 1 to 9 for the number of digits to return. If omitted, the default is 6.                                                                                                                                                                                                                                                                                                                                                                                                                                                                                                                                                            |
| `AM or A.M. or PM or P.M.` | Meridian indicator (uppercase)                                                                                                                                                                                                                                                                                                                                                                                                                                                                                                                                                                                                                                                               |
| `am or a.m. or pm or p.m.` | Meridian indicator (lowercase)                                                                                                                                                                                                                                                                                                                                                                                                                                                                                                                                                                                                                                                               |
| `Y,YYY`                    | Year (4 and more digits) with comma                                                                                                                                                                                                                                                                                                                                                                                                                                                                                                                                                                                                                                                          |
| `YEAR`                     | Year (spelled out)                                                                                                                                                                                                                                                                                                                                                                                                                                                                                                                                                                                                                                                                           |
| `SYEAR`                    | Year (spelled out) (BC dates prefixed by a minus sign)                                                                                                                                                                                                                                                                                                                                                                                                                                                                                                                                                                                                                                       |
| `YYYY`                     | Year (4 and more digits)                                                                                                                                                                                                                                                                                                                                                                                                                                                                                                                                                                                                                                                                     |
| `SYYYY`                    | Year (4 and more digits) (BC dates prefixed by a minus sign)                                                                                                                                                                                                                                                                                                                                                                                                                                                                                                                                                                                                                                 |
| `YYY`                      | Last 3 digits of year                                                                                                                                                                                                                                                                                                                                                                                                                                                                                                                                                                                                                                                                        |
| `YY`                       | Last 2 digits of year                                                                                                                                                                                                                                                                                                                                                                                                                                                                                                                                                                                                                                                                        |
| `Y`                        | Last digit of year                                                                                                                                                                                                                                                                                                                                                                                                                                                                                                                                                                                                                                                                           |
| `IYYY`                     | ISO year (4 and more digits)                                                                                                                                                                                                                                                                                                                                                                                                                                                                                                                                                                                                                                                                 |
| `IYY`                      | Last 3 digits of ISO year                                                                                                                                                                                                                                                                                                                                                                                                                                                                                                                                                                                                                                                                    |
| `IY`                       | Last 2 digits of ISO year                                                                                                                                                                                                                                                                                                                                                                                                                                                                                                                                                                                                                                                                    |
| `I`                        | Last 1 digit of ISO year                                                                                                                                                                                                                                                                                                                                                                                                                                                                                                                                                                                                                                                                     |
| `BC or B.C. or AD or A.D.` | Era indicator (uppercase)                                                                                                                                                                                                                                                                                                                                                                                                                                                                                                                                                                                                                                                                    |
| `bc or b.c. or ad or a.d.` | Era indicator (lowercase)                                                                                                                                                                                                                                                                                                                                                                                                                                                                                                                                                                                                                                                                    |
| `MONTH`                    | Full uppercase month name                                                                                                                                                                                                                                                                                                                                                                                                                                                                                                                                                                                                                                                                    |
| `Month`                    | Full mixed-case month name                                                                                                                                                                                                                                                                                                                                                                                                                                                                                                                                                                                                                                                                   |
| `month`                    | Full lowercase month name                                                                                                                                                                                                                                                                                                                                                                                                                                                                                                                                                                                                                                                                    |
| `MON`                      | Abbreviated uppercase month name (3 chars in English, localized lengths vary)                                                                                                                                                                                                                                                                                                                                                                                                                                                                                                                                                                                                                |
| `Mon`                      | Abbreviated mixed-case month name (3 chars in English, localized lengths vary)                                                                                                                                                                                                                                                                                                                                                                                                                                                                                                                                                                                                               |
| `mon`                      | Abbreviated lowercase month name (3 chars in English, localized lengths vary)                                                                                                                                                                                                                                                                                                                                                                                                                                                                                                                                                                                                                |
| `MM`                       | Month number (01-12)                                                                                                                                                                                                                                                                                                                                                                                                                                                                                                                                                                                                                                                                         |
| `DAY`                      | Full uppercase day name                                                                                                                                                                                                                                                                                                                                                                                                                                                                                                                                                                                                                                                                      |
| `Day`                      | Full mixed-case day name                                                                                                                                                                                                                                                                                                                                                                                                                                                                                                                                                                                                                                                                     |
| `day`                      | Full lowercase day name                                                                                                                                                                                                                                                                                                                                                                                                                                                                                                                                                                                                                                                                      |
| `DY`                       | Abbreviated uppercase day name (3 chars in English, localized lengths vary)                                                                                                                                                                                                                                                                                                                                                                                                                                                                                                                                                                                                                  |
| `Dy`                       | Abbreviated mixed-case day name (3 chars in English, localized lengths vary)                                                                                                                                                                                                                                                                                                                                                                                                                                                                                                                                                                                                                 |
| `dy`                       | Abbreviated lowercase day name (3 chars in English, localized lengths vary)                                                                                                                                                                                                                                                                                                                                                                                                                                                                                                                                                                                                                  |
| `DDD`                      | Day of year (001-366)                                                                                                                                                                                                                                                                                                                                                                                                                                                                                                                                                                                                                                                                        |
| `DD`                       | Day of month (01-31)                                                                                                                                                                                                                                                                                                                                                                                                                                                                                                                                                                                                                                                                         |
| `D`                        | Day of week (1-7; Sunday is 1)                                                                                                                                                                                                                                                                                                                                                                                                                                                                                                                                                                                                                                                               |
| `W`                        | Week of month (1-5) (The first week starts on the first day of the month)                                                                                                                                                                                                                                                                                                                                                                                                                                                                                                                                                                                                                    |
| `WW`                       | Week number of year (1-53) (The first week starts on the first day of the year)                                                                                                                                                                                                                                                                                                                                                                                                                                                                                                                                                                                                              |
| `IW`                       | ISO week number of year; the first Thursday of the new year is in week 1                                                                                                                                                                                                                                                                                                                                                                                                                                                                                                                                                                                                                     |
| `CC`                       | Century (2 digits); the 21st century starts on 2001-01-01                                                                                                                                                                                                                                                                                                                                                                                                                                                                                                                                                                                                                                    |
| `SCC`                      | Same as CC except BC dates are prefixed by a minus sign                                                                                                                                                                                                                                                                                                                                                                                                                                                                                                                                                                                                                                      |
| `J`                        | Julian Day (days since January 1, 4712 BC)                                                                                                                                                                                                                                                                                                                                                                                                                                                                                                                                                                                                                                                   |
| `Q`                        | Quarter                                                                                                                                                                                                                                                                                                                                                                                                                                                                                                                                                                                                                                                                                      |
| `RM`                       | Month in Roman numerals (I-XII; I=January) (uppercase)                                                                                                                                                                                                                                                                                                                                                                                                                                                                                                                                                                                                                                       |
| `rm`                       | Month in Roman numerals (i-xii; i=January) (lowercase)                                                                                                                                                                                                                                                                                                                                                                                                                                                                                                                                                                                                                                       |
| `RR`                       | First 2 digits of the year when given only the last 2 digits of the year. Result is based upon an algorithm using the current year and the given 2-digit year. The first 2 digits of the given 2-digit year will be the same as the first 2 digits of the current year with the following exceptions: If the given 2-digit year is &lt;50 and the last 2 digits of the current year is >= 50, then the first 2 digits for the given year is 1 greater than the first 2 digits of the current year. If the given 2-digit year is >= 50 and the last 2 digits of the current year is &lt;50, then the first 2 digits for the given year is 1 less than the first 2 digits of the current year. |
| `RRRR`                     | Only affects `TO_DATE` function. Allows specification of 2-digit or 4-digit year. If 2-digit year given, then returns first 2 digits of year like RR format. If 4-digit year given, returns the given 4-digit year.                                                                                                                                                                                                                                                                                                                                                                                                                                                                          |
| `TZH`                      | Time-zone hours                                                                                                                                                                                                                                                                                                                                                                                                                                                                                                                                                                                                                                                                              |
| `TZM`                      | Time-zone minutes                                                                                                                                                                                                                                                                                                                                                                                                                                                                                                                                                                                                                                                                            |

### Date and time modifiers

Certain modifiers may be applied to any template pattern to alter its behavior. For example, `FMMonth` is the `Month` pattern with the `FM` modifier. The following table shows the modifier patterns for date/time formatting.

| Modifier    | Description                                   | Example           |
| ----------- | --------------------------------------------- | ----------------- |
| `FM` prefix | Fill mode (suppress padding blanks and zeros) | `FMMonth`         |
| `TH` suffix | Uppercase ordinal number suffix               | `DDTH`            |
| `th` suffix | Lowercase ordinal number suffix               | `DDth`            |
| `FX` prefix | Fixed format global option (see usage notes)  | `FX Month DD Day` |
| `SP` suffix | Spell mode                                    | `DDSP`            |

Usage notes for date/time formatting:

-   `FM` suppresses leading zeroes and trailing blanks that would otherwise be added to make the output of a pattern fixed-width.

-   `TO_TIMESTAMP`, `TO_TIMESTAMP_TZ`, and `TO_DATE` skip multiple blank spaces in the input string if the `FX` option is not used. `FX` must be specified as the first item in the template. For example:

    ```text
    TO_TIMESTAMP('2000 - JUN', 'YYYY-MON') is correct, but
    TO_TIMESTAMP('2000    JUN', 'FXYYYY MON') and
    TO_TIMESTAMP_TZ('2000    JUN', 'FXYYYY MON') returns an error
    because TO_TIMESTAMP and TO_TIMESTAMP_TZ expects one space
    only.
    ```

-   Ordinary text is allowed in `TO_CHAR` templates and will be output literally.

-   In conversions from string to `timestamp`, `timestamptz`, or `date`, the `CC` field is ignored if there is a `YYY`, `YYYY` or `Y,YYY` field. If `CC` is used with `YY` or `Y` then the year is computed as `(CC-1)*100+YY`.

The following table shows some examples of the use of the `TO_CHAR` and `TO_DATE` functions:

| Expression                                               | Result                      |
| -------------------------------------------------------- | --------------------------- |
| `TO_CHAR(CURRENT_TIMESTAMP, 'Day, DD  HH12:MI:SS')`      | `'Tuesday  , 06  05:39:18'` |
| `TO_CHAR(CURRENT_TIMESTAMP, 'FM-Day, FMDD  HH12:MI:SS')` | `'Tuesday, 6  05:39:18'`    |
| `TO_CHAR(-0.1, '99.99')`                                 | `'  -.10'`                  |
| `TO_CHAR(-0.1, 'FM9.99')`                                | `'-.1'`                     |
| `TO_CHAR(0.1, '0.9')`                                    | `' 0.1'`                    |
| `TO_CHAR(12, '9990999.9')`                               | `'    0012.0'`              |
| `TO_CHAR(12, 'FM9990999.9')`                             | `'0012.'`                   |
| `TO_CHAR(485, '999')`                                    | `' 485'`                    |
| `TO_CHAR(-485, '999')`                                   | `'-485'`                    |
| `TO_CHAR(1485, '9,999')`                                 | `' 1,485'`                  |
| `TO_CHAR(1485, '9G999')`                                 | `' 1,485'`                  |
| `TO_CHAR(148.5, '999.999')`                              | `' 148.500'`                |
| `TO_CHAR(148.5, 'FM999.999')`                            | `'148.5'`                   |
| `TO_CHAR(148.5, 'FM999.990')`                            | `'148.500'`                 |
| `TO_CHAR(148.5, '999D999')`                              | `' 148.500'`                |
| `TO_CHAR(3148.5, '9G999D999')`                           | `' 3,148.500'`              |
| `TO_CHAR(-485, '999S')`                                  | `'485-'`                    |
| `TO_CHAR(-485, '999MI')`                                 | `'485-'`                    |
| `TO_CHAR(485, '999MI')`                                  | `'485 '`                    |
| `TO_CHAR(485, 'FM999MI')`                                | `'485'`                     |
| `TO_CHAR(-485, '999PR')`                                 | `'<485>'`                   |
| `TO_CHAR(485, 'L999')`                                   | `'$ 485'`                   |
| `TO_CHAR(485, 'RN')`                                     | `'        CDLXXXV'`         |
| `TO_CHAR(485, 'FMRN')`                                   | `'CDLXXXV'`                 |
| `TO_CHAR(5.2, 'FMRN')`                                   | `'V'`                       |
| `TO_CHAR(12, '99V999')`                                  | `' 12000'`                  |
| `TO_CHAR(12.4, '99V999')`                                | `' 12400'`                  |
| `TO_CHAR(12.45, '99V9')`                                 | `' 125'`                    |

The following table shows some examples of the use of the `TO_TIMESTAMP_TZ` function:

| Expression                                                                    | Result                            |
| ----------------------------------------------------------------------------- | --------------------------------- |
| `TO_TIMESTAMP_TZ('12-JAN-2010', 'DD-MONTH-YYYY')`                             | `'12-JAN-10 00:00:00 +05:30'`     |
| `TO_TIMESTAMP_TZ('03-APR-07 09:12:21 P.M','DD-MON-YY HH12:MI:SS A.M')`        | `'03-APR-07 09:12:21 +05:30'`     |
| `TO_TIMESTAMP_TZ('2003/12/13 10:13:18 -8:00', 'YYYY/MM/DD HH:MI:SS TZH:TZM')` | `'13-DEC-03 23:43:18 +05:30'`     |
| `TO_TIMESTAMP_TZ('20-MAR-20 04:30:00 +08:00', 'DD-MON-YY HH:MI:SS TZH:TZM')`  | `'20-MAR-20 02:00:00 +05:30'`     |
| `TO_TIMESTAMP_TZ('10-Sep-02 14:10:10.123000', 'DD-MON-RR HH24:MI:SS.FF')`     | `'10-SEP-02 14:10:10.123 +05:30'` |

<div id="immutable_to_char_function" class="registered_link"></div>

## IMMUTABLE TO_CHAR(TIMESTAMP, format) function

There are certain cases of the `TO_CHAR` function that can result in usage of an `IMMUTABLE` form of the function. Basically, a function is `IMMUTABLE` if the function does not modify the database, and the function returns the same, consistent value dependent upon only its input parameters. That is, the settings of configuration parameters, the locale, the content of the database, etc. do not affect the results returned by the function.

For more information about function volatility categories `VOLATILE`, `STABLE`, and `IMMUTABLE`, see the PostgreSQL Core documentation at:

<https://www.postgresql.org/docs/current/static/xfunc-volatility.html>

A particular advantage of an `IMMUTABLE` function is that it can be used in the `CREATE INDEX` command to create an index based on that function.

In order for the `TO_CHAR` function to use the `IMMUTABLE` form the following conditions must be satisfied:

-   The first parameter of the `TO_CHAR` function must be of data type `TIMESTAMP`.
-   The format specified in the second parameter of the `TO_CHAR` function must not affect the return value of the function based on factors such as language, locale, etc. For example a format of `'YYYY-MM-DD HH24:MI:SS'` can be used for an `IMMUTABLE` form of the function since, regardless of locale settings, the result of the function is the date and time expressed solely in numeric form. However, a format of `'DD-MON-YYYY'` cannot be used for an `IMMUTABLE` form of the function because the 3-character abbreviation of the month may return different results depending upon the locale setting.

Format patterns that result in a non-immutable function include any variations of spelled out or abbreviated months `(MONTH, MON)`, days `(DAY, DY)`, median indicators `(AM, PM)`, or era indicators `(BC, AD)`.

For the following example, a table with a `TIMESTAMP` column is created.

```text
CREATE TABLE ts_tbl (ts_col TIMESTAMP);
```

The following shows the successful creation of an index with the `IMMUTABLE` form of the `TO_CHAR` function.

```text
edb=# CREATE INDEX ts_idx ON ts_tbl (TO_CHAR(ts_col,'YYYY-MM-DD HH24:MI:SS'));
CREATE INDEX
edb=# \dS ts_idx
                                   Index "public.ts_idx"
 Column  |       Type        |                         Definition
---------+-------------------+------------------------------------------------------------
 to_char | character varying | to_char(ts_col, 'YYYY-MM-DD HH24:MI:SS'::character varying)
btree, for table "public.ts_tbl"
```

The following results in an error because the format specified in the `TO_CHAR` function prevents the use of the `IMMUTABLE` form since the 3-character month abbreviation, `MON`, may result in different return values based on the locale setting.

```text
edb=# CREATE INDEX ts_idx_2 ON ts_tbl (TO_CHAR(ts_col, 'DD-MON-YYYY'));
ERROR:  functions in index expression must be marked IMMUTABLE
```

## TO_NUMBER

The following table lists the template patterns available for formatting numeric values:

| Pattern      | Description                               |
| ------------ | ----------------------------------------- |
| `9`          | Value with the specified number of digits |
| `0`          | Value with leading zeroes                 |
| `. (period)` | Decimal point                             |
| `, (comma)`  | Group (thousand) separator                |
| `$`          | Dollar sign                               |
| `S`          | Sign anchored to number (uses locale).    |
| `L`          | Currency symbol (uses locale)             |

Note that 9 results in a value with the same number of digits as there are `9s`. If a digit is not available, the server ignores the corresponding `9s`. The `S` pattern does not support `+` and `$` pattern does not support decimal points in the expression.

The following table shows some examples of the use of the `TO_NUMBER` function:

| Expression                                 | Result         |
| ------------------------------------------ | -------------- |
| `TO_NUMBER('-65', 'S99')`                  | `' -65'`       |
| `TO_NUMBER('$65', 'L99')`                  | `' 65'`        |
| `TO_NUMBER('9678584', '9999999')`          | `' 9678584'`   |
| `TO_NUMBER('123,456,789', '999,999,999')`  | `' 123456789'` |
| `TO_NUMBER('1210.73', '9999.99')`          | `' 1210.73'`   |
| `TO_NUMBER('1210.73')`                     | `' 1210.73'`   |
| `TO_NUMBER('0101.010','FM99999999.99999')` | `' 101.010'`   |

### Numeric modifiers

The following table shows the modifier pattern for numeric formatting:

| Pattern     | Description                                             | Example   |
| ----------- | ------------------------------------------------------- | --------- |
| `FM` prefix | Fill mode (suppress trailing zeroes and padding blanks) | `FM99.99` |


### Difference TO_CHAR, TO_NUMBER, and SUBSTR functions 

You can initialize the database using the `INITDBOPTS` variable to create clusters in a mode compatible with Oracle databases. The clusters created in PostgreSQL mode do not include compatibility features. To create a new cluster in PostgreSQL mode, use the `"--no-redwood-compat"` option, which offers a similar behavior to PostgreSQL. 

A `SELECT` statement that contains one of the functions as shown in the following table returns the indicated result in Advanced Server and PostgreSQL. Listed are the following differences for `TO_CHAR`, `TO_NUMBER`, and `SUBSTR` functions.

**TO_CHAR**: Converts the timestamp to string according to a given format. 

!!! Note
    -  The `'syear'`, `'syyyy'`, `'year'`, `'rrrr'`, `'sp'`, `'spth'`, `'scc'`, `'rr'`, `'ff'`, `'ff7'`, `'ff8'`, `'ff9'`, and lower case `'of'`, `'tzh'`, and `'tzm'` pattern is not supported in PostgreSQL.
    -  `'TH'` modifier adds fewer padding zeros in Advanced Server.
    -  The upper case `'TH'` pattern, which displays the suffix in uppercase, is not supported in Advanced Server. If the `'TH/th'` pattern is specified, the suffix is always displayed in lower case.  
    -  A modifier can appear in an `'FM'` pattern, and each occurrence toggles the modifier's effect. To toggle the effect of the `'FM'` pattern when specified an even number of times turns off the effect and turns on the effect of the `'FM'` pattern when specified an odd number of times in PostgreSQL. However, in Advanced Server, if the `'FM'` pattern is specified irrespective of an even or odd number of times, it always turns on the effect of the `'FM'` pattern.

The following table demonstrates the examples for `TO_CHAR(timestamp, text)` function.

| Examples                                                                                                                                                                                                                               | Result                                                                                                 |                                                                                                    
| -------------------------------------------------------------------------------------------------------------------------------------------------------------------------------------------------------------------------------------- | ------------------- | -------------------------------------------------------------------------------- |
|                                                                                                                                                                                                                                        | **Advanced Server** | **PostgreSQL**                                                                   |
| `SELECT TO_CHAR(current_timestamp, 'of');` <br /><br /> `SELECT TO_CHAR(current_timestamp, 'OF');`                                                                                                                                     | `+05:30`            | `of` <br /><br /> `+05:30`                                                       | 
| `SELECT TO_CHAR(current_timestamp, 'syear');`                                                                                                                                                                                          | `twenty twenty one` | `s1ear`                                                                          | 
| `SELECT TO_CHAR(current_timestamp, 'syyyy');`                                                                                                                                                                                          | `2021`              | `s2021`                                                                          |
| `SELECT TO_CHAR(current_timestamp, 'year');`                                                                                                                                                                                           | `twenty twenty one` | `1ear`                                                                           |
| `SELECT TO_CHAR(current_timestamp, 'rrrr');`                                                                                                                                                                                           | `2021`              | `rrrr`                                                                           |
| `SELECT TO_CHAR(current_timestamp, 'hhsp');`                                                                                                                                                                                           | `five`              | `05sp`                                                                           |
| `SELECT TO_CHAR(current_timestamp, 'hhspth');`                                                                                                                                                                                         | `fifth`             | `05spth`                                                                         |
| `SELECT TO_CHAR(current_timestamp, 'scc');`                                                                                                                                                                                            | `21`                | `s21`                                                                            |
| `SELECT TO_CHAR(current_timestamp, 'rr');`                                                                                                                                                                                             | `21`                | `rr`                                                                             |
| `SELECT TO_CHAR(current_timestamp, 'ff');`                                                                                                                                                                                             | `923202`            | `ff`                                                                             |
| `SELECT TO_CHAR(current_timestamp, 'ff7');`                                                                                                                                                                                            | `4192310`           | `ff7`                                                                            |
| `SELECT TO_CHAR(current_timestamp, 'ff8');`                                                                                                                                                                                            | `36181700`          | `ff8`                                                                            |
| `SELECT TO_CHAR(current_timestamp, 'ff9');`                                                                                                                                                                                            | `640405000`         | `ff9`                                                                            |
| `SELECT TO_CHAR(current_timestamp, 'tzh');` <br /><br /> `SELECT TO_CHAR(current_timestamp, 'TZH');`                                                                                                                                   | `+05`               | `isth` <br /><br /> `+05`                                                        |  
| `SELECT TO_CHAR(current_timestamp, 'TZM');` <br /><br /> `SELECT TO_CHAR(current_timestamp, 'tzm');`                                                                                                                                   | `30`                | `30` <br /><br /> `istm`                                                         | 
| `SELECT TO_CHAR(current_timestamp, 'iddd');`                                                                                                                                                                                           | `1134`              | `131`                                                                            |                                                                                   
| `SELECT TO_CHAR(current_timestamp, 'id');`                                                                                                                                                                                             | `16`                | `5`                                                                              |
| `SELECT TO_CHAR(current_timestamp, 'ssss');`                                                                                                                                                                                           | `5555`              | `64490`                                                                          |
| `SELECT TO_CHAR(current_timestamp, 'hhthth');`                                                                                                                                                                                         | Invalid format      | `11thth`                                                                         |
| `SELECT TO_CHAR(current_timestamp, 'rmth');`                                                                                                                                                                                           | Invalid format      | `v`                                                                              |
| `SELECT TO_CHAR(current_timestamp, 'FMOF');` <br /><br /> `SELECT TO_CHAR(current_timestamp, 'FMFMOF');` <br /><br /> `SELECT TO_CHAR(current_timestamp, 'FMFMFMOF');` <br /><br /> `SELECT TO_CHAR(current_timestamp, 'FMFMFMFMOF');` | `+5:30`             | `+5:30` <br /><br /> `FM+05:30` <br /><br /> `FM+5:30` <br /><br /> `FMFM+05:30` |
| `SELECT TO_CHAR(timestamptz'5-MAY-21 17:37:14 +05:30', 'DDTH');`                                                                                                                                                                       | `05th`              | `05TH`                                                                           |
| `SELECT TO_CHAR(timestamptz'5-JAN-0001 17:37:14 +05:30', 'FMY,YYY');`                                                                                                                                                                  | `1`                 | `0,001`                                                                          |
| `SELECT TO_CHAR(timestamptz'5-JAN-0001 17:37:14 +05:30', 'Y,YYYTH');`                                                                                                                                                                  | `01st`              | `0,001ST`                                                                        |
| `SELECT TO_CHAR(timestamptz'5-JAN-0001 17:37:14 +05:30', 'IYYYTH');`                                                                                                                                                                   | `01st`              | `0001ST`                                                                         |
| `SELECT TO_CHAR(timestamptz'5-JAN-0001 17:37:14 +05:30', 'YYYYTH');`                                                                                                                                                                   | `01st`              | `0001ST`                                                                         |
| `SELECT TO_CHAR(timestamptz'5-JAN-0001 17:37:14 +05:30', 'IYYTH');`                                                                                                                                                                    | `01st`              | `001ST`                                                                          |
| `SELECT TO_CHAR(timestamptz'5-JAN-0001 17:37:14 +05:30', 'YYYTH');`                                                                                                                                                                    | `01st`              | `001ST`                                                                          |

**TO_NUMBER**: Converts the string to numeric according to a given format.

!!! Note
    -  PostgreSQL does not strictly check the format options. In contrast, Advanced Server checks the format except in a few cases when the input string has `'-'` at the beginning or `','`, you do not have to provide the pattern for these characters in the corresponding location in the format string.
    -  In PostgreSQL, you do not have to match all the digits of the input string with the patterns. It outputs those many digits from the input string for which the valid patterns are present. Advanced Server throws an error if you do not provide patterns for all the digits present in the input string.
    -  PostgreSQL ignores any invalid characters present in the input or the format string, whereas Advanced Server throws an error. This kind of behavior may lead to many differences with different types of patterns.
    -  The patterns `'PL'`, `'PR'`, and `'SG'` are not supported in Advanced Server.

The following table demonstrates the examples for `TO_NUMBER(text, text)` function.

| Examples                                                                                         | Result                                                                                         |                                                                            
| ------------------------------------------------------------------------------------------------ | ----------------------------------------------------------------- | -------------------------- | 
|                                                                                                  | **Advanced Server**                                               | **PostgreSQL**             |
| `SELECT TO_NUMBER('$1', '00');`                                                                  | Invalid input syntax for type numeric: "$1"                       | `1`                        |
| `SELECT TO_NUMBER('$$1', '$$0');`                                                                | Invalid format string: "$$0"                                      | `1`                        |
| `SELECT TO_NUMBER('1$', '0$');`                                                                  | Invalid input syntax for type numeric: "1."                       | `1`                        |
| `SELECT TO_NUMBER('$1$', '$0$');`                                                                | Invalid format string: "$0$"                                      | `1`                        |
| `SELECT TO_NUMBER('1$$1', '0$L0');`                                                              | Invalid input syntax for type numeric: "1.$1"                     | `11`                       |
| `SELECT TO_NUMBER('1,11', '000');`                                                               | `111`                                                             | `11`                       |
| `SELECT TO_NUMBER('1,11', '0,0');`                                                               | Invalid input syntax for type numeric: "111"                      | `11`                       |
| `SELECT TO_NUMBER('1-1', '0S0');`                                                                | Invalid format string: "0S0"                                      | `-11`                      |
| `SELECT TO_NUMBER('1-1', '000');`                                                                | Invalid input syntax for type numeric: "1-1"                      | `11`                       |
| `SELECT TO_NUMBER('1.11', '000');`                                                               | Invalid input syntax for type numeric: "1.11"                     | `11`                       |    
| `SELECT TO_NUMBER('1..1', '0.0');`                                                               | Invalid input syntax for type numeric: "1..1"                     | `1`                        |
| `SELECT TO_NUMBER('$11-', '$00S');`                                                              | Invalid input syntax for type numeric: "-$11"                     | `-11`                      |
| `SELECT TO_NUMBER('11', '');`                                                                    | Invalid input syntax for type numeric: "11"                       | Returns blank              |
| `SELECT TO_NUMBER(' ', '');`                                                                     | Invalid input syntax for type numeric: ""                         | Returns blank              |
| `SELECT TO_NUMBER('$12.345', 'L00.000');`                                                        | Invalid format string: "L00.000"                                  | `12.345`                   |
| `SELECT TO_NUMBER('$12.345', 'L00D000');`                                                        | Invalid format string: "L00.000"                                  | `12.345`                   |
| `SELECT TO_NUMBER('11-', '9MMI');`                                                               | Invalid format string: "9MMI"                                     | `-1`                       |
| `SELECT TO_NUMBER('-11', 'MI99');`                                                               | Invalid input syntax for type numeric: "-11"                      | `-11`                      |
| `SELECT TO_NUMBER('000011', 'FMFM000000');`                                                      | Invalid format string: "FMFM000000"                               | `11`                       |
| `SELECT TO_NUMBER('+11', 'S99');`  <br /><br /> `SELECT TO_NUMBER('11+', '99S');`                | Invalid input syntax for type numeric: "+11"  <br /><br />  `11`  | `11`  <br /><br />  `11`   |
| `SELECT TO_NUMBER('+11', 'PL99');`                                                               | Invalid format string: "PL99"                                     | `11`                       |
| `SELECT TO_NUMBER('-11', '99PR');`                                                               | Invalid format string: "99PR"                                     | `-11`                      |
| `SELECT TO_NUMBER('1+1-1', '9SG9SG9');`                                                          | Invalid format string: "9SG9SG9"                                  | `-111`                     |
| `SELECT TO_NUMBER('01,000', '99G999');`  <br /><br /> `SELECT TO_NUMBER('01,000', 'FM99G999');`  | `1000`                                                            | `1000` <br /><br />  `100` |

**SUBSTR**: Returns a substring of a character value. 

!!! Note
    -   The index of the string starts from `1`. In PostgreSQL, if zero as the start parameter to fetch only one character, the result returns blank. If you try to fetch two characters, the result shows one character since zero is specified in the start position. However, in Advanced Server, if zero as the start parameter, internally, it converts to `1` and starts the searching.
    -   Negative values at the start parameter are not allowed in PostgreSQL, whereas in Advanced Server, a reverse search occurs.
    -   PostgreSQL throws an error if a numeric value is passed for start and length parameter, whereas Advanced Server converts it to an integer.

The following table demonstrates the examples for `SUBSTR(string, from, count)`, `SUBSTR(string, from)`, `SUBSTR(string, from, count)::bytea`, and `SUBSTR(string, from)::bytea` function.

| Examples                                                                          | Result                                                                                   |                                                                            
| --------------------------------------------------------------------------------- | -------------------- | ----------------------------------------------------------------- | 
|                                                                                   | **Advanced Server**  | **PostgreSQL**                                                    |
| `SELECT (SUBSTR('ABCDEFGH', 0, 1));`                                              | `A`                  | Returns blank                                                     | 
| `SELECT (SUBSTR('ABCD', -1, 1));`  <br /><br /> `SELECT (SUBSTR('ABCD', -4, 1));` | `D` <br /><br /> `A` | Returns blank                                                     |
| `SELECT (SUBSTR('ABCD', 1, -1));`                                                 | Returns blank        | ERROR: negative substring length not allowed                      |
| `SELECT (SUBSTR('ABCD', 1.1, 1));`                                                | `A`                  | ERROR: function substr(unknown, numeric, integer) does not exist  |
| `SELECT (SUBSTR('ABCD', 1, 1.1));`                                                | `A`                  | ERROR: function substr(unknown, integer, numeric) does not exist  | 
| `SELECT (SUBSTR('ABCD', -1));`                                                    | `D`                  | `ABCD`                                                            |
| `SELECT (SUBSTR('ABCD', 1.1));`                                                   | `ABCD`               | ERROR: function substr(unknown, numeric) does not exist           |
| `SELECT (SUBSTR('ABCDEFGH', 0, 1))::bytea;`                                       | `\x41`               | `\x`                                                              |
| `SELECT (SUBSTR('ABCD', 5,1))::bytea;`                                            | Returns blank        | `\x`                                                              |
| `SELECT (SUBSTR('ABCDEFGH', -1, 1))::bytea;`                                      | `\x48`               | `\x`                                                              |
| `SELECT (SUBSTR('ABCD', -5, 1))::bytea;`                                          | Returns blank        | `\x`                                                              |
| `SELECT (SUBSTR('ABCD', 1, -1))::bytea;`                                          | Returns blank        | ERROR: negative substring length not allowed                      |
| `SELECT (SUBSTR('ABCD', 1.1, 1))::bytea;`                                         | `\x41`               | ERROR: function substr(unknown, numeric, integer) does not exist  |
| `SELECT (SUBSTR('ABCD', 1, 1.1))::bytea;`                                         | `\x41`               | ERROR: function substr(unknown, integer, numeric) does not exist  |
| `SELECT (SUBSTR('ABCD', 5))::bytea;`                                              | Returns blank        | `\x`                                                              |
| `SELECT (SUBSTR('ABCD', -1))::bytea;`                                             | `\x44`               | `\x41424344`                                                      |
| `SELECT (SUBSTR('ABCD', 1.1))::bytea;`                                            | `\x41424344`         | ERROR: function substr(unknown, numeric) does not exist           |
                                                                                                          



